Timestamp,PID,Process,usr_cpu(%),sys_cpu(%),idle_cpu(%),used_mem,free_mem,IDS_cpu(%),IDS_mem_RSS(KB)
2025-12-05 15:30:32,5772,IDPS,    0,9,90,    66,38,    0.00,17456
2025-12-05 15:30:34,5772,IDPS,    9,0,90,    66,37,    0.00,17456
2025-12-05 15:30:36,5772,IDPS,    0,16,83,    66,37,    0.00,17456
2025-12-05 15:30:38,5772,IDPS,    0,9,90,    66,37,    0.00,17456
2025-12-05 15:30:41,5772,IDPS,    0,25,75,    66,37,    0.00,17456
2025-12-05 15:30:43,5772,IDPS,    0,18,81,    66,37,    0.00,17456
2025-12-05 15:30:45,5772,IDPS,    18,27,54,    66,37,    0.00,17456
2025-12-05 15:30:47,5772,IDPS,    7,15,76,    66,37,    0.00,17456
2025-12-05 15:30:49,5772,IDPS,    0,23,76,    66,37,    0.00,17456
2025-12-05 15:30:51,5772,IDPS,    0,16,83,    66,37,    0.00,17456
2025-12-05 15:30:53,5772,IDPS,    0,10,90,    66,37,    0.00,17456
2025-12-05 15:30:55,5772,IDPS,    0,10,80,    66,37,    3.00,17456
2025-12-05 15:30:57,5772,IDPS,    0,9,90,    66,37,    0.00,17456
2025-12-05 15:30:59,5772,IDPS,    0,9,90,    66,37,    0.00,17456
2025-12-05 15:31:01,5772,IDPS,    8,8,83,    66,37,    0.00,17456
2025-12-05 15:31:03,5772,IDPS,    0,16,83,    66,37,    0.00,17456
2025-12-05 15:31:05,5772,IDPS,    0,25,75,    66,37,    0.00,17456
2025-12-05 15:31:07,5772,IDPS,    0,9,90,    66,37,    0.00,17456
2025-12-05 15:31:09,5772,IDPS,    16,66,16,    66,37,    0.00,17456
2025-12-05 15:31:12,5772,IDPS,    0,10,90,    66,37,    0.00,17456
2025-12-05 15:31:14,5772,IDPS,    0,16,83,    66,37,    0.00,17456
2025-12-05 15:31:16,5772,IDPS,    9,0,90,    66,37,    0.00,17456
2025-12-05 15:31:18,5772,IDPS,    0,21,71,    66,37,    7.00,17456
2025-12-05 15:31:20,5772,IDPS,    0,16,83,    66,37,    0.00,17456
2025-12-05 15:31:22,5772,IDPS,    9,0,90,    66,37,    0.00,17456
2025-12-05 15:31:24,5772,IDPS,    0,10,90,    66,37,    0.00,17456
2025-12-05 15:31:26,5772,IDPS,    20,70,10,    66,37,    0.00,17456
2025-12-05 15:31:28,5772,IDPS,    0,9,90,    66,37,    0.00,17456
2025-12-05 15:31:30,5772,IDPS,    0,9,90,    66,37,    0.00,17456
2025-12-05 15:31:32,5772,IDPS,    9,0,90,    66,37,    0.00,17456
2025-12-05 15:31:35,5772,IDPS,    0,10,90,    66,37,    0.00,17456
2025-12-05 15:31:37,5772,IDPS,    53,46,0,    66,37,    0.00,17456
2025-12-05 15:31:39,5772,IDPS,    0,9,90,    66,37,    0.00,17456
2025-12-05 15:31:41,5772,IDPS,    0,23,76,    66,37,    0.00,17456
2025-12-05 15:31:43,5772,IDPS,    9,0,90,    66,37,    0.00,17456
2025-12-05 15:31:45,5772,IDPS,    0,9,90,    66,37,    0.00,17456
2025-12-05 15:31:47,5772,IDPS,    66,33,0,    66,36,    0.00,17456
2025-12-05 15:31:49,5772,IDPS,    0,9,90,    66,36,    0.00,17456
2025-12-05 15:31:51,5772,IDPS,    9,9,81,    66,37,    0.00,17456
2025-12-05 15:31:53,5772,IDPS,    0,9,90,    66,37,    0.00,17456
2025-12-05 15:31:56,5772,IDPS,    0,9,90,    66,37,    0.00,17456
2025-12-05 15:31:58,5772,IDPS,    0,10,90,    66,36,    0.00,17456
2025-12-05 15:32:00,5772,IDPS,    9,9,81,    66,36,    0.00,17456
2025-12-05 15:32:02,5772,IDPS,    0,16,66,    66,36,    0.00,17456
2025-12-05 15:32:04,5772,IDPS,    0,23,76,    66,36,    0.00,17456
2025-12-05 15:32:06,5772,IDPS,    9,0,90,    66,36,    0.00,17456
2025-12-05 15:32:08,5772,IDPS,    0,9,90,    66,36,    0.00,17456
2025-12-05 15:32:10,5772,IDPS,    25,75,0,    66,36,    8.00,17456
2025-12-05 15:32:12,5772,IDPS,    9,9,81,    66,36,    0.00,17456
2025-12-05 15:32:14,5772,IDPS,    0,10,90,    66,36,    0.00,17456
2025-12-05 15:32:16,5772,IDPS,    0,10,90,    66,36,    5.00,17456
2025-12-05 15:32:18,5772,IDPS,    0,9,90,    66,36,    0.00,17456
2025-12-05 15:32:20,5772,IDPS,    0,9,90,    66,36,    0.00,17456
2025-12-05 15:32:22,5772,IDPS,    0,10,90,    66,36,    0.00,17456
2025-12-05 15:32:24,5772,IDPS,    0,9,90,    66,36,    0.00,17456
2025-12-05 15:32:27,5772,IDPS,    0,9,90,    66,36,    0.00,17456
2025-12-05 15:32:29,5772,IDPS,    0,10,90,    66,36,    0.00,17456
2025-12-05 15:32:31,5772,IDPS,    0,9,90,    66,36,    0.00,17456
2025-12-05 15:32:33,5772,IDPS,    8,8,83,    66,36,    0.00,17456
2025-12-05 15:32:35,5772,IDPS,    0,9,90,    66,36,    0.00,17456
2025-12-05 15:32:37,5772,IDPS,    0,18,81,    66,36,    0.00,17456
2025-12-05 15:32:39,5772,IDPS,    0,16,83,    66,36,    0.00,17456
2025-12-05 15:32:41,5772,IDPS,    27,72,0,    66,36,    0.00,17456
2025-12-05 15:32:43,5772,IDPS,    0,9,90,    66,36,    0.00,17456
2025-12-05 15:32:45,5772,IDPS,    0,10,90,    66,36,    0.00,17456
2025-12-05 15:32:48,5772,IDPS,    9,0,90,    66,36,    0.00,17456
2025-12-05 15:32:50,5772,IDPS,    9,0,90,    66,36,    9.00,17456
2025-12-05 15:32:52,5772,IDPS,    61,38,0,    66,35,    0.00,17456
2025-12-05 15:32:54,5772,IDPS,    7,15,76,    66,36,    0.00,17456
2025-12-05 15:32:56,5772,IDPS,    0,9,90,    66,36,    0.00,17456
2025-12-05 15:32:58,5772,IDPS,    0,10,90,    66,36,    0.00,17456
2025-12-05 15:33:00,5772,IDPS,    0,16,83,    66,36,    0.00,17456
2025-12-05 15:33:02,5772,IDPS,    0,9,90,    66,36,    0.00,17456
2025-12-05 15:33:04,5772,IDPS,    0,9,90,    66,36,    0.00,17456
2025-12-05 15:33:06,5772,IDPS,    0,9,90,    66,36,    0.00,17456
2025-12-05 15:33:09,5772,IDPS,    0,16,83,    66,36,    0.00,17456
2025-12-05 15:33:10,5772,IDPS,    0,18,81,    66,36,    0.00,17456
2025-12-05 15:33:13,5772,IDPS,    9,0,90,    66,36,    0.00,17456
2025-12-05 15:33:15,5772,IDPS,    0,9,90,    66,36,    0.00,17456
2025-12-05 15:33:17,5772,IDPS,    9,36,54,    66,36,    0.00,17456
2025-12-05 15:33:19,5772,IDPS,    9,0,90,    66,36,    0.00,17456
2025-12-05 15:33:21,5772,IDPS,    0,9,90,    66,36,    0.00,17456
2025-12-05 15:33:23,5772,IDPS,    0,9,90,    66,36,    0.00,17456
2025-12-05 15:33:25,5772,IDPS,    0,9,90,    66,36,    0.00,17456
2025-12-05 15:33:27,5772,IDPS,    0,10,90,    66,35,    0.00,17456
2025-12-05 15:33:29,5772,IDPS,    0,9,90,    66,35,    0.00,17456
2025-12-05 15:33:31,5772,IDPS,    0,10,90,    66,35,    0.00,17456
2025-12-05 15:33:33,5772,IDPS,    0,9,90,    66,35,    0.00,17456
2025-12-05 15:33:35,5772,IDPS,    10,0,90,    66,35,    0.00,17456
2025-12-05 15:33:37,5772,IDPS,    0,9,81,    66,35,    0.00,17456
2025-12-05 15:33:39,5772,IDPS,    0,10,90,    66,35,    0.00,17456
2025-12-05 15:33:41,5772,IDPS,    16,16,66,    66,35,    0.00,17456
2025-12-05 15:33:44,5772,IDPS,    0,18,81,    66,35,    0.00,17456
2025-12-05 15:33:46,5772,IDPS,    0,18,81,    66,35,    0.00,17456
2025-12-05 15:33:48,5772,IDPS,    0,10,90,    66,35,    0.00,17456
2025-12-05 15:33:50,5772,IDPS,    0,9,90,    66,35,    0.00,17456
2025-12-05 15:33:52,5772,IDPS,    0,16,83,    66,35,    0.00,17456
2025-12-05 15:33:54,5772,IDPS,    0,9,90,    66,35,    0.00,17456
2025-12-05 15:33:56,5772,IDPS,    25,75,0,    66,35,    0.00,17456
2025-12-05 15:33:58,5772,IDPS,    0,9,90,    66,35,    0.00,17456
2025-12-05 15:34:00,5772,IDPS,    0,10,90,    66,35,    0.00,17456
2025-12-05 15:34:02,5772,IDPS,    0,10,90,    66,35,    0.00,17456
2025-12-05 15:34:04,5772,IDPS,    0,9,81,    66,35,    0.00,17456
2025-12-05 15:34:06,5772,IDPS,    21,64,14,    67,35,    0.00,17456
2025-12-05 15:34:09,5772,IDPS,    0,10,90,    66,35,    0.00,17456
2025-12-05 15:34:11,5772,IDPS,    0,10,90,    66,35,    0.00,17456
2025-12-05 15:34:13,5772,IDPS,    0,18,81,    66,35,    0.00,17456
2025-12-05 15:34:15,5772,IDPS,    0,16,83,    66,35,    0.00,17456
2025-12-05 15:34:17,5772,IDPS,    0,9,90,    66,35,    0.00,17456
2025-12-05 15:34:19,5772,IDPS,    0,10,90,    66,35,    0.00,17456
2025-12-05 15:34:21,5772,IDPS,    0,9,90,    66,35,    0.00,17456
2025-12-05 15:34:23,5772,IDPS,    0,10,90,    66,35,    0.00,17456
2025-12-05 15:34:25,5772,IDPS,    16,0,83,    66,35,    0.00,17456
2025-12-05 15:34:27,5772,IDPS,    8,0,75,    66,35,    0.00,17456
2025-12-05 15:34:29,5772,IDPS,    0,10,90,    66,35,    0.00,17456
2025-12-05 15:34:32,5772,IDPS,    0,16,83,    66,35,    0.00,17456
2025-12-05 15:34:34,5772,IDPS,    0,9,90,    66,35,    0.00,17456
2025-12-05 15:34:36,5772,IDPS,    9,0,90,    66,35,    0.00,17456
2025-12-05 15:34:38,5772,IDPS,    0,10,90,    66,35,    0.00,17456
2025-12-05 15:34:40,5772,IDPS,    0,10,90,    66,35,    0.00,17456
2025-12-05 15:34:42,5772,IDPS,    0,16,83,    66,35,    0.00,17456
2025-12-05 15:34:44,5772,IDPS,    9,0,90,    66,35,    0.00,17456
2025-12-05 15:34:46,5772,IDPS,    0,16,83,    66,35,    0.00,17456
2025-12-05 15:34:48,5772,IDPS,    0,10,90,    66,35,    0.00,17456
2025-12-05 15:34:50,5772,IDPS,    0,18,81,    66,35,    0.00,17456
2025-12-05 15:34:52,5772,IDPS,    0,9,81,    66,35,    0.00,17456
2025-12-05 15:34:54,5772,IDPS,    0,9,90,    66,35,    0.00,17456
2025-12-05 15:34:56,5772,IDPS,    0,36,63,    66,35,    0.00,17456
2025-12-05 15:34:58,5772,IDPS,    0,10,90,    66,35,    0.00,17456
2025-12-05 15:35:00,5772,IDPS,    63,36,0,    66,35,    0.00,17456
2025-12-05 15:35:03,5772,IDPS,    0,9,90,    66,34,    0.00,17456
2025-12-05 15:35:05,5772,IDPS,    0,9,90,    66,35,    0.00,17456
2025-12-05 15:35:07,5772,IDPS,    0,9,90,    66,34,    0.00,17456
2025-12-05 15:35:09,5772,IDPS,    0,9,90,    66,34,    0.00,17456
2025-12-05 15:35:11,5772,IDPS,    50,50,0,    67,34,    0.00,17456
2025-12-05 15:35:13,5772,IDPS,    0,23,76,    66,34,    0.00,17456
2025-12-05 15:35:15,5772,IDPS,    0,10,90,    66,34,    0.00,17456
2025-12-05 15:35:17,5772,IDPS,    0,9,90,    66,34,    0.00,17456
2025-12-05 15:35:19,5772,IDPS,    0,9,90,    66,34,    0.00,17456
2025-12-05 15:35:21,5772,IDPS,    0,9,90,    66,34,    0.00,17456
2025-12-05 15:35:24,5772,IDPS,    0,9,90,    66,34,    0.00,17456
2025-12-05 15:35:26,5772,IDPS,    0,9,90,    66,34,    0.00,17456
2025-12-05 15:35:28,5772,IDPS,    0,16,83,    66,34,    0.00,17456
2025-12-05 15:35:30,5772,IDPS,    0,18,81,    66,34,    0.00,17456
2025-12-05 15:35:32,5772,IDPS,    0,18,81,    66,34,    0.00,17456
2025-12-05 15:35:35,5772,IDPS,    0,9,90,    66,34,    0.00,17456
2025-12-05 15:35:37,5772,IDPS,    0,41,58,    66,34,    0.00,17456
2025-12-05 15:35:39,5772,IDPS,    0,9,90,    66,34,    0.00,17456
2025-12-05 15:35:40,5772,IDPS,    0,9,90,    66,34,    0.00,17456
2025-12-05 15:35:42,5772,IDPS,    9,0,90,    66,34,    0.00,17456
2025-12-05 15:35:45,5772,IDPS,    8,16,75,    66,34,    0.00,17456
2025-12-05 15:35:47,5772,IDPS,    0,10,90,    66,34,    0.00,17456
2025-12-05 15:35:49,5772,IDPS,    0,16,83,    66,34,    0.00,17456
2025-12-05 15:35:51,5772,IDPS,    8,16,75,    66,34,    0.00,17456
2025-12-05 15:35:53,5772,IDPS,    7,15,76,    66,34,    0.00,17456
2025-12-05 15:35:55,5772,IDPS,    0,16,83,    66,34,    0.00,17456
2025-12-05 15:35:57,5772,IDPS,    0,9,90,    66,34,    0.00,17456
2025-12-05 15:35:59,5772,IDPS,    0,10,90,    66,34,    0.00,17456
2025-12-05 15:36:01,5772,IDPS,    7,15,76,    66,34,    0.00,17456
2025-12-05 15:36:03,5772,IDPS,    0,16,83,    66,34,    0.00,17456
2025-12-05 15:36:05,5772,IDPS,    58,41,0,    66,34,    0.00,17456
2025-12-05 15:36:07,5772,IDPS,    0,9,90,    66,34,    0.00,17456
2025-12-05 15:36:09,5772,IDPS,    0,9,90,    66,34,    0.00,17456
2025-12-05 15:36:11,5772,IDPS,    0,9,90,    66,34,    0.00,17456
2025-12-05 15:36:13,5772,IDPS,    0,9,90,    66,34,    0.00,17456
2025-12-05 15:36:16,5772,IDPS,    69,30,0,    66,34,    0.00,17456
2025-12-05 15:36:18,5772,IDPS,    0,10,90,    66,34,    0.00,17456
2025-12-05 15:36:20,5772,IDPS,    0,10,90,    66,34,    0.00,17456
2025-12-05 15:36:22,5772,IDPS,    0,10,90,    66,34,    0.00,17456
2025-12-05 15:36:24,5772,IDPS,    0,10,90,    66,34,    0.00,17456
2025-12-05 15:36:26,5772,IDPS,    0,53,46,    67,33,    0.00,17456
2025-12-05 15:36:28,5772,IDPS,    0,9,90,    66,34,    0.00,17456
2025-12-05 15:36:30,5772,IDPS,    9,0,90,    66,34,    0.00,17456
2025-12-05 15:36:32,5772,IDPS,    9,0,90,    66,34,    0.00,17456
2025-12-05 15:36:34,5772,IDPS,    0,16,83,    66,34,    6.00,17456
2025-12-05 15:36:36,5772,IDPS,    10,0,90,    66,34,    0.00,17456
2025-12-05 15:36:39,5772,IDPS,    0,10,90,    66,33,    0.00,17456
2025-12-05 15:36:41,5772,IDPS,    0,10,90,    66,33,    0.00,17456
2025-12-05 15:36:43,5772,IDPS,    0,9,90,    66,33,    0.00,17456
2025-12-05 15:36:45,5772,IDPS,    9,0,90,    66,33,    0.00,17456
2025-12-05 15:36:47,5772,IDPS,    0,9,90,    66,33,    0.00,17456
2025-12-05 15:36:49,5772,IDPS,    0,9,90,    66,33,    0.00,17456
2025-12-05 15:36:51,5772,IDPS,    0,9,90,    66,33,    0.00,17456
2025-12-05 15:36:53,5772,IDPS,    0,9,90,    66,33,    0.00,17456
2025-12-05 15:36:55,5772,IDPS,    0,23,76,    66,33,    0.00,17456
2025-12-05 15:36:57,5772,IDPS,    27,9,63,    66,33,    0.00,17456
2025-12-05 15:36:59,5772,IDPS,    0,25,75,    66,33,    0.00,17456
2025-12-05 15:37:01,5772,IDPS,    0,16,83,    66,33,    0.00,17456
2025-12-05 15:37:03,5772,IDPS,    0,10,90,    66,33,    0.00,17456
2025-12-05 15:37:05,5772,IDPS,    0,9,90,    66,33,    0.00,17456
2025-12-05 15:37:07,5772,IDPS,    0,9,90,    66,33,    0.00,17456
2025-12-05 15:37:09,5772,IDPS,    0,9,90,    66,33,    0.00,17456
2025-12-05 15:37:11,5772,IDPS,    0,9,90,    66,33,    0.00,17456
2025-12-05 15:37:13,5772,IDPS,    0,9,90,    66,33,    0.00,17456
2025-12-05 15:37:16,5772,IDPS,    0,9,90,    66,33,    0.00,17456
2025-12-05 15:37:18,5772,IDPS,    0,18,81,    66,33,    0.00,17456
2025-12-05 15:37:20,5772,IDPS,    45,54,0,    66,33,    0.00,17456
2025-12-05 15:37:22,5772,IDPS,    0,23,76,    66,33,    0.00,17456
2025-12-05 15:37:24,5772,IDPS,    0,9,90,    66,33,    0.00,17456
2025-12-05 15:37:26,5772,IDPS,    0,9,90,    66,33,    0.00,17456
2025-12-05 15:37:28,5772,IDPS,    0,9,90,    66,33,    0.00,17456
2025-12-05 15:37:30,5772,IDPS,    16,83,0,    66,33,    0.00,17456
2025-12-05 15:37:32,5772,IDPS,    0,9,90,    66,33,    0.00,17456
2025-12-05 15:37:34,5772,IDPS,    0,9,90,    66,33,    0.00,17456
2025-12-05 15:37:36,5772,IDPS,    0,10,90,    66,33,    0.00,17456
2025-12-05 15:37:39,5772,IDPS,    0,9,90,    66,33,    0.00,17456
2025-12-05 15:37:41,5772,IDPS,    0,9,90,    67,32,    0.00,17456
2025-12-05 15:37:43,5772,IDPS,    0,9,90,    66,33,    0.00,17456
2025-12-05 15:37:45,5772,IDPS,    16,25,58,    66,33,    0.00,17456
2025-12-05 15:37:47,5772,IDPS,    0,40,60,    66,33,    0.00,17456
2025-12-05 15:37:50,5772,IDPS,    0,10,90,    66,33,    0.00,17456
2025-12-05 15:37:52,5772,IDPS,    0,9,90,    66,33,    0.00,17456
2025-12-05 15:37:54,5772,IDPS,    0,9,90,    66,33,    0.00,17456
2025-12-05 15:37:56,5772,IDPS,    0,11,88,    66,33,    0.00,17456
2025-12-05 15:37:58,5772,IDPS,    0,10,90,    66,33,    0.00,17456
2025-12-05 15:38:00,5772,IDPS,    0,18,81,    66,33,    0.00,17456
2025-12-05 15:38:02,5772,IDPS,    0,10,90,    66,33,    0.00,17456
2025-12-05 15:38:04,5772,IDPS,    0,9,90,    66,33,    0.00,17456
2025-12-05 15:38:06,5772,IDPS,    9,0,90,    66,33,    0.00,17456
2025-12-05 15:38:08,5772,IDPS,    0,10,90,    66,33,    0.00,17456
2025-12-05 15:38:10,5772,IDPS,    0,9,90,    66,33,    0.00,17456
2025-12-05 15:38:12,5772,IDPS,    0,9,90,    66,33,    0.00,17456
2025-12-05 15:38:14,5772,IDPS,    9,0,90,    66,33,    0.00,17456
2025-12-05 15:38:16,5772,IDPS,    0,10,90,    66,33,    0.00,17456
2025-12-05 15:38:18,5772,IDPS,    9,0,90,    66,33,    0.00,17456
2025-12-05 15:38:20,5772,IDPS,    0,9,90,    66,33,    0.00,17456
2025-12-05 15:38:22,5772,IDPS,    0,9,90,    66,32,    0.00,17456
2025-12-05 15:38:24,5772,IDPS,    15,84,0,    66,32,    0.00,17456
2025-12-05 15:38:26,5772,IDPS,    0,9,90,    66,32,    0.00,17456
2025-12-05 15:38:28,5772,IDPS,    9,0,90,    66,32,    0.00,17456
2025-12-05 15:38:31,5772,IDPS,    0,9,81,    66,32,    0.00,17456
2025-12-05 15:38:33,5772,IDPS,    0,10,90,    66,32,    0.00,17456
2025-12-05 15:38:35,5772,IDPS,    38,61,0,    67,32,    0.00,17456
2025-12-05 15:38:37,5772,IDPS,    8,8,83,    66,32,    0.00,17456
2025-12-05 15:38:39,5772,IDPS,    0,9,90,    66,32,    0.00,17456
2025-12-05 15:38:41,5772,IDPS,    0,10,90,    66,32,    0.00,17456
2025-12-05 15:38:43,5772,IDPS,    0,9,90,    66,32,    0.00,17456
2025-12-05 15:38:45,5772,IDPS,    9,18,72,    67,32,    0.00,17456
2025-12-05 15:38:48,5772,IDPS,    0,9,90,    66,32,    0.00,17456
2025-12-05 15:38:50,5772,IDPS,    0,9,90,    66,32,    0.00,17456
2025-12-05 15:38:52,5772,IDPS,    0,10,90,    66,32,    0.00,17456
2025-12-05 15:38:54,5772,IDPS,    0,16,83,    66,32,    0.00,17456
2025-12-05 15:38:56,5772,IDPS,    9,0,90,    66,32,    0.00,17456
2025-12-05 15:38:58,5772,IDPS,    0,16,83,    66,32,    0.00,17456
2025-12-05 15:39:00,5772,IDPS,    0,9,90,    66,32,    0.00,17456
2025-12-05 15:39:02,5772,IDPS,    0,9,90,    66,32,    0.00,17456
2025-12-05 15:39:04,5772,IDPS,    0,10,90,    66,32,    0.00,17456
2025-12-05 15:39:06,5772,IDPS,    0,9,90,    66,32,    0.00,17456
2025-12-05 15:39:08,5772,IDPS,    0,23,76,    66,32,    0.00,17456
2025-12-05 15:39:10,5772,IDPS,    0,28,71,    66,32,    0.00,17456
2025-12-05 15:39:12,5772,IDPS,    0,9,90,    66,32,    0.00,17456
2025-12-05 15:39:14,5772,IDPS,    0,9,90,    66,32,    0.00,17456
2025-12-05 15:39:16,5772,IDPS,    9,9,81,    66,32,    0.00,17456
2025-12-05 15:39:18,5772,IDPS,    0,23,76,    66,32,    0.00,17456
2025-12-05 15:39:20,5772,IDPS,    0,9,90,    66,32,    0.00,17456
2025-12-05 15:39:23,12322,IDPS,    9,9,81,    59,39,    0.00,4088
2025-12-05 15:39:25,12322,IDPS,    0,100,0,    60,38,    0.00,9152
2025-12-05 15:39:27,12322,IDPS,    0,9,72,    61,37,    0.00,12512
2025-12-05 15:39:29,12322,IDPS,    0,9,90,    62,36,    0.00,13308
2025-12-05 15:39:31,12322,IDPS,    0,18,81,    62,36,    0.00,13308
2025-12-05 15:39:33,12322,IDPS,    0,9,90,    62,36,    0.00,13308
2025-12-05 15:39:35,12322,IDPS,    0,9,90,    62,36,    0.00,13308
2025-12-05 15:39:37,12322,IDPS,    0,9,90,    62,36,    0.00,13308
2025-12-05 15:39:39,12322,IDPS,    0,18,81,    62,36,    0.00,13308
2025-12-05 15:39:41,12322,IDPS,    0,9,90,    66,31,    0.00,17556
2025-12-05 15:39:44,12322,IDPS,    0,9,90,    66,31,    0.00,17556
2025-12-05 15:39:46,12322,IDPS,    0,9,90,    66,31,    0.00,17556
2025-12-05 15:39:47,12322,IDPS,    0,9,90,    66,32,    0.00,17556
2025-12-05 15:39:50,12322,IDPS,    33,66,0,    67,31,    0.00,17556
2025-12-05 15:39:52,12322,IDPS,    0,10,90,    66,31,    0.00,17556
2025-12-05 15:39:54,12322,IDPS,    0,9,90,    66,31,    0.00,17556
2025-12-05 15:39:56,12322,IDPS,    0,25,75,    66,31,    0.00,17556
2025-12-05 15:39:58,12322,IDPS,    0,9,90,    66,31,    0.00,17556
2025-12-05 15:40:00,12322,IDPS,    0,9,90,    67,31,    0.00,17556
2025-12-05 15:40:03,12322,IDPS,    54,45,0,    68,30,    0.00,17556
2025-12-05 15:40:06,12322,IDPS,    50,50,0,    68,29,    0.00,17556
2025-12-05 15:40:08,12322,IDPS,    41,58,0,    69,29,    0.00,17556
2025-12-05 15:40:11,12322,IDPS,    45,54,0,    68,29,    0.00,17556
2025-12-05 15:40:13,12322,IDPS,    33,66,0,    69,29,    0.00,17556
2025-12-05 15:40:16,12322,IDPS,    58,41,0,    68,30,    0.00,17556
2025-12-05 15:40:19,12322,IDPS,    66,33,0,    68,30,    0.00,17556
2025-12-05 15:40:22,12322,IDPS,    53,46,0,    75,23,    0.00,17556
2025-12-05 15:40:25,12322,IDPS,    63,36,0,    78,19,    0.00,17556
2025-12-05 15:40:28,12322,IDPS,    66,33,0,    83,14,    0.00,17556
2025-12-05 15:40:31,12322,IDPS,    66,33,0,    86,11,    0.00,17560
2025-12-05 15:40:34,12322,IDPS,    50,50,0,    68,28,    0.00,17560
2025-12-05 15:40:38,12322,IDPS,    75,25,0,    68,28,    0.00,17560
2025-12-05 15:40:41,12322,IDPS,    50,50,0,    69,27,    0.00,17560
2025-12-05 15:40:44,12322,IDPS,    46,53,0,    68,27,    0.00,17560
2025-12-05 15:40:47,12322,IDPS,    58,41,0,    69,27,    0.00,17560
2025-12-05 15:40:51,12322,IDPS,    54,45,0,    69,27,    0.00,17560
2025-12-05 15:40:54,12322,IDPS,    63,36,0,    69,27,    0.00,17560
2025-12-05 15:40:56,12322,IDPS,    54,45,0,    68,28,    0.00,17560
2025-12-05 15:40:59,12322,IDPS,    25,75,0,    68,28,    0.00,17560
2025-12-05 15:41:01,12322,IDPS,    53,46,0,    69,27,    0.00,17560
2025-12-05 15:41:04,12322,IDPS,    58,41,0,    68,27,    0.00,17560
2025-12-05 15:41:07,12322,IDPS,    45,54,0,    69,26,    0.00,17560
2025-12-05 15:41:09,12322,IDPS,    76,23,0,    69,26,    0.00,17560
2025-12-05 15:41:12,12322,IDPS,    53,46,0,    69,26,    0.00,17560
2025-12-05 15:41:15,12322,IDPS,    41,58,0,    68,27,    0.00,17560
2025-12-05 15:41:18,12322,IDPS,    66,33,0,    68,27,    0.00,17560
2025-12-05 15:41:20,12322,IDPS,    45,54,0,    69,26,    0.00,17560
2025-12-05 15:41:23,12322,IDPS,    50,50,0,    70,26,    0.00,17560
2025-12-05 15:41:26,12322,IDPS,    58,41,0,    68,27,    0.00,17560
2025-12-05 15:41:28,12322,IDPS,    27,72,0,    69,27,    0.00,17560
2025-12-05 15:41:31,12322,IDPS,    53,46,0,    68,27,    0.00,17560
2025-12-05 15:41:34,12322,IDPS,    66,33,0,    68,27,    0.00,17560
2025-12-05 15:41:37,12322,IDPS,    41,58,0,    69,26,    0.00,17560
2025-12-05 15:41:39,12322,IDPS,    63,36,0,    68,27,    0.00,17560
2025-12-05 15:41:42,12322,IDPS,    63,36,0,    68,27,    0.00,17560
2025-12-05 15:41:45,12322,IDPS,    33,66,0,    68,27,    0.00,17560
2025-12-05 15:41:48,12322,IDPS,    54,45,0,    69,26,    0.00,17560
2025-12-05 15:41:50,12322,IDPS,    50,50,0,    68,27,    0.00,17560
2025-12-05 15:41:53,12322,IDPS,    58,41,0,    69,26,    0.00,17560
2025-12-05 15:41:55,12322,IDPS,    50,50,0,    68,27,    0.00,17560
2025-12-05 15:41:58,12322,IDPS,    46,53,0,    69,26,    0.00,17560
2025-12-05 15:42:01,12322,IDPS,    50,50,0,    68,27,    0.00,17560
2025-12-05 15:42:03,12322,IDPS,    66,33,0,    68,27,    0.00,17560
2025-12-05 15:42:06,12322,IDPS,    50,50,0,    68,26,    0.00,17560
2025-12-05 15:42:08,12322,IDPS,    53,46,0,    69,25,    0.00,17560
2025-12-05 15:42:12,12322,IDPS,    50,50,0,    68,27,    0.00,17560
2025-12-05 15:42:14,12322,IDPS,    63,36,0,    68,27,    0.00,17560
2025-12-05 15:42:17,12322,IDPS,    33,66,0,    69,26,    0.00,17560
2025-12-05 15:42:19,12322,IDPS,    46,53,0,    68,26,    0.00,17560
2025-12-05 15:42:22,12322,IDPS,    66,33,0,    68,27,    0.00,17560
2025-12-05 15:42:25,12322,IDPS,    54,45,0,    68,26,    0.00,17560
2025-12-05 15:42:28,12322,IDPS,    63,36,0,    68,26,    0.00,17560
2025-12-05 15:42:30,12322,IDPS,    36,63,0,    68,26,    0.00,17560
2025-12-05 15:42:33,12322,IDPS,    23,76,0,    68,26,    0.00,17560
2025-12-05 15:42:35,12322,IDPS,    66,33,0,    68,26,    0.00,17560
2025-12-05 15:42:38,12322,IDPS,    58,41,0,    69,25,    0.00,17560
2025-12-05 15:42:41,12322,IDPS,    61,38,0,    68,26,    0.00,17560
2025-12-05 15:42:43,12322,IDPS,    25,75,0,    70,25,    0.00,17560
2025-12-05 15:42:46,12322,IDPS,    81,18,0,    68,26,    0.00,17560
2025-12-05 15:42:49,12322,IDPS,    72,27,0,    68,26,    0.00,17560
2025-12-05 15:42:52,12322,IDPS,    46,53,0,    69,24,    0.00,17636
2025-12-05 15:42:55,12322,IDPS,    45,54,0,    70,23,    0.00,17640
2025-12-05 15:42:58,12322,IDPS,    54,45,0,    69,24,    0.00,17640
2025-12-05 15:43:00,12322,IDPS,    63,36,0,    69,24,    0.00,17640
2025-12-05 15:43:03,12322,IDPS,    41,58,0,    69,24,    0.00,17640
2025-12-05 15:43:06,12322,IDPS,    41,58,0,    70,24,    0.00,17644
2025-12-05 15:43:08,12322,IDPS,    63,36,0,    70,23,    0.00,17644
2025-12-05 15:43:11,12322,IDPS,    50,50,0,    69,24,    0.00,17644
2025-12-05 15:43:13,12322,IDPS,    54,45,0,    69,24,    0.00,17644
2025-12-05 15:43:16,12322,IDPS,    41,58,0,    69,24,    0.00,17644
2025-12-05 15:43:19,12322,IDPS,    41,58,0,    70,23,    0.00,17684
2025-12-05 15:43:22,12322,IDPS,    72,27,0,    69,24,    0.00,17684
2025-12-05 15:43:24,12322,IDPS,    66,33,0,    69,24,    0.00,17684
2025-12-05 15:43:27,12322,IDPS,    58,41,0,    70,23,    0.00,17684
2025-12-05 15:43:29,12322,IDPS,    45,54,0,    69,24,    0.00,17684
2025-12-05 15:43:33,12322,IDPS,    54,45,0,    69,23,    0.00,17684
2025-12-05 15:43:35,12322,IDPS,    50,50,0,    69,24,    0.00,17684
2025-12-05 15:43:38,12322,IDPS,    66,33,0,    69,24,    0.00,17684
2025-12-05 15:43:40,12322,IDPS,    45,54,0,    70,22,    0.00,17684
2025-12-05 15:43:43,12322,IDPS,    45,54,0,    69,24,    0.00,17684
2025-12-05 15:43:46,12322,IDPS,    54,45,0,    69,24,    0.00,17684
2025-12-05 15:43:48,12322,IDPS,    75,25,0,    70,23,    0.00,17684
2025-12-05 15:43:51,12322,IDPS,    41,58,0,    70,22,    0.00,17684
2025-12-05 15:43:53,12322,IDPS,    33,66,0,    69,24,    0.00,17684
2025-12-05 15:43:56,12322,IDPS,    54,45,0,    69,24,    0.00,17684
2025-12-05 15:43:59,12322,IDPS,    72,27,0,    69,23,    0.00,17684
2025-12-05 15:44:01,12322,IDPS,    54,45,0,    69,23,    0.00,17684
2025-12-05 15:44:04,12322,IDPS,    72,27,0,    70,23,    0.00,17684
2025-12-05 15:44:07,12322,IDPS,    71,28,0,    69,23,    0.00,17684
2025-12-05 15:44:09,12322,IDPS,    54,45,0,    70,22,    0.00,17684
2025-12-05 15:44:12,12322,IDPS,    33,66,0,    69,23,    0.00,17684
2025-12-05 15:44:15,12322,IDPS,    58,41,0,    71,22,    0.00,17684
2025-12-05 15:44:18,12322,IDPS,    41,58,0,    70,23,    0.00,17684
2025-12-05 15:44:20,12322,IDPS,    33,66,0,    71,22,    0.00,17684
2025-12-05 15:44:23,12322,IDPS,    66,33,0,    71,21,    0.00,17684
2025-12-05 15:44:26,12322,IDPS,    58,33,0,    70,22,    0.00,17684
2025-12-05 15:44:28,12322,IDPS,    63,36,0,    70,22,    0.00,17684
2025-12-05 15:44:31,12322,IDPS,    54,45,0,    70,22,    0.00,17684
2025-12-05 15:44:33,12322,IDPS,    41,58,0,    71,21,    0.00,17684
2025-12-05 15:44:36,12322,IDPS,    66,33,0,    71,21,    0.00,17684
2025-12-05 15:44:39,12322,IDPS,    61,38,0,    72,21,    0.00,17684
2025-12-05 15:44:42,12322,IDPS,    50,25,0,    70,22,    0.00,17684
2025-12-05 15:44:44,12322,IDPS,    66,33,0,    71,22,    0.00,17684
2025-12-05 15:44:47,12322,IDPS,    54,45,0,    70,22,    0.00,17684
2025-12-05 15:44:49,11620,IDPS,    75,25,0,    71,22,    0.00,
2025-12-05 15:44:52,12322,IDPS,    53,38,0,    70,22,    0.00,17684
2025-12-05 15:44:55,12322,IDPS,    54,45,0,    72,20,    0.00,17684
2025-12-05 15:44:58,12322,IDPS,    50,50,0,    72,20,    0.00,17684
2025-12-05 15:45:00,12322,IDPS,    54,45,0,    72,20,    0.00,17684
2025-12-05 15:45:03,12322,IDPS,    58,41,0,    71,21,    0.00,17684
2025-12-05 15:45:06,12322,IDPS,    50,50,0,    71,21,    0.00,17684
2025-12-05 15:45:08,12322,IDPS,    46,53,0,    71,21,    0.00,17684
2025-12-05 15:45:10,12322,IDPS,    54,45,0,    71,21,    0.00,17684
2025-12-05 15:45:13,12322,IDPS,    75,25,0,    71,21,    0.00,17684
2025-12-05 15:45:16,12322,IDPS,    61,38,0,    71,21,    0.00,17684
2025-12-05 15:45:19,12322,IDPS,    53,23,0,    71,21,    0.00,17684
2025-12-05 15:45:21,12322,IDPS,    53,46,0,    71,21,    0.00,17688
2025-12-05 15:45:24,12322,IDPS,    50,50,0,    71,21,    0.00,17688
2025-12-05 15:45:27,12322,IDPS,    50,41,0,    71,20,    0.00,17688
2025-12-05 15:45:29,12322,IDPS,    45,54,0,    71,20,    0.00,17688
2025-12-05 15:45:32,12322,IDPS,    58,41,0,    72,19,    0.00,17688
2025-12-05 15:45:35,12322,IDPS,    66,33,0,    72,19,    0.00,17688
2025-12-05 15:45:37,12322,IDPS,    16,83,0,    72,20,    0.00,17688
2025-12-05 15:45:40,12322,IDPS,    66,33,0,    71,20,    0.00,17688
2025-12-05 15:45:42,12322,IDPS,    54,45,0,    72,19,    0.00,17688
2025-12-05 15:45:45,12322,IDPS,    63,36,0,    71,20,    0.00,17692
2025-12-05 15:45:47,12322,IDPS,    84,15,0,    72,20,    0.00,17692
2025-12-05 15:45:50,12322,IDPS,    58,41,0,    73,19,    0.00,17692
2025-12-05 15:45:53,12322,IDPS,    33,58,0,    72,19,    0.00,17696
2025-12-05 15:45:55,12322,IDPS,    63,27,0,    72,20,    0.00,17696
2025-12-05 15:45:58,12322,IDPS,    66,33,0,    73,18,    0.00,17696
2025-12-05 15:46:01,12322,IDPS,    58,33,0,    72,20,    0.00,17696
2025-12-05 15:46:04,12322,IDPS,    58,41,0,    72,19,    0.00,17696
2025-12-05 15:46:06,12322,IDPS,    66,33,0,    73,18,    0.00,17696
2025-12-05 15:46:09,12322,IDPS,    58,41,0,    72,19,    0.00,17696
2025-12-05 15:46:11,12322,IDPS,    66,33,0,    73,18,    0.00,17696
2025-12-05 15:46:14,12322,IDPS,    45,54,0,    73,19,    0.00,17736
2025-12-05 15:46:17,12322,IDPS,    54,45,0,    73,18,    0.00,17736
2025-12-05 15:46:19,12322,IDPS,    72,27,0,    73,18,    0.00,17736
2025-12-05 15:46:22,12322,IDPS,    58,41,0,    73,18,    0.00,17736
2025-12-05 15:46:25,12322,IDPS,    72,27,0,    74,17,    0.00,17736
2025-12-05 15:46:28,12322,IDPS,    66,33,0,    73,18,    0.00,17840
2025-12-05 15:46:30,12322,IDPS,    58,41,0,    75,16,    0.00,17840
2025-12-05 15:46:32,12322,IDPS,    63,36,0,    73,18,    0.00,17840
2025-12-05 15:46:35,12322,IDPS,    54,45,0,    75,16,    0.00,17840
2025-12-05 15:46:38,12322,IDPS,    54,45,0,    75,16,    0.00,17840
2025-12-05 15:46:40,12322,IDPS,    41,50,0,    74,17,    0.00,17840
2025-12-05 15:46:43,12322,IDPS,    45,54,0,    75,16,    0.00,17840
2025-12-05 15:46:45,12322,IDPS,    46,53,0,    75,16,    0.00,17840
2025-12-05 15:46:48,12322,IDPS,    50,50,0,    74,17,    0.00,17840
2025-12-05 15:46:51,12322,IDPS,    53,46,0,    74,17,    0.00,17840
2025-12-05 15:46:53,12322,IDPS,    58,41,0,    74,17,    0.00,17840
2025-12-05 15:46:56,12322,IDPS,    58,41,0,    74,16,    0.00,17840
2025-12-05 15:46:59,12322,IDPS,    50,21,0,    76,15,    0.00,17840
2025-12-05 15:47:01,12322,IDPS,    50,14,0,    76,15,    0.00,18008
2025-12-05 15:47:06,12322,IDPS,    40,20,0,    74,16,    0.00,18044
2025-12-05 15:47:09,12322,IDPS,    57,21,0,    75,16,    0.00,18056
2025-12-05 15:47:13,12322,IDPS,    41,25,0,    75,16,    0.00,18056
2025-12-05 15:47:16,12322,IDPS,    16,50,0,    75,15,    0.00,18060
2025-12-05 15:47:20,12322,IDPS,    50,31,0,    75,15,    0.00,18060
2025-12-05 15:47:25,12322,IDPS,    63,9,0,    76,14,    0.00,18060
2025-12-05 15:47:28,12322,IDPS,    66,25,0,    76,14,    0.00,18060
2025-12-05 15:47:31,12322,IDPS,    50,50,0,    76,14,    0.00,18060
2025-12-05 15:47:33,12322,IDPS,    45,54,0,    75,15,    0.00,18060
2025-12-05 15:47:36,12322,IDPS,    72,27,0,    75,15,    0.00,18060
2025-12-05 15:47:39,12322,IDPS,    38,61,0,    76,15,    0.00,18060
2025-12-05 15:47:41,12322,IDPS,    36,63,0,    76,14,    0.00,18060
2025-12-05 15:47:44,12322,IDPS,    72,27,0,    77,13,    0.00,18060
2025-12-05 15:47:47,12322,IDPS,    58,41,0,    76,14,    0.00,18060
2025-12-05 15:47:49,12322,IDPS,    58,41,0,    76,14,    0.00,18060
2025-12-05 15:47:52,12322,IDPS,    61,38,0,    77,13,    0.00,18060
2025-12-05 15:47:54,12322,IDPS,    63,36,0,    76,14,    0.00,18060
2025-12-05 15:47:57,12322,IDPS,    61,38,0,    77,13,    0.00,18060
2025-12-05 15:47:59,12322,IDPS,    72,27,0,    77,13,    0.00,18060
2025-12-05 15:48:02,,IDPS,    50,50,0,    69,21,    ,
2025-12-05 15:48:04,,IDPS,    45,54,0,    68,22,    ,
2025-12-05 15:48:06,,IDPS,    66,33,0,    70,20,    ,
2025-12-05 15:48:09,,IDPS,    76,23,0,    70,20,    ,
2025-12-05 15:48:11,,IDPS,    45,54,0,    68,22,    ,
2025-12-05 15:48:13,27926,IDPS,    54,36,0,    68,22,    0.00,
2025-12-05 15:48:16,,IDPS,    46,53,0,    68,22,    ,
2025-12-05 15:48:18,,IDPS,    58,41,0,    68,22,    ,
2025-12-05 15:48:20,,IDPS,    53,46,0,    68,22,    ,
2025-12-05 15:48:22,,IDPS,    63,36,0,    69,21,    ,
2025-12-05 15:48:24,,IDPS,    50,50,0,    68,22,    ,
2025-12-05 15:48:27,,IDPS,    41,58,0,    68,22,    ,
2025-12-05 15:48:29,,IDPS,    54,45,0,    69,21,    ,
2025-12-05 15:48:31,,IDPS,    58,41,0,    68,22,    ,
2025-12-05 15:48:33,,IDPS,    72,27,0,    69,21,    ,
2025-12-05 15:48:35,,IDPS,    10,10,80,    57,33,    ,
2025-12-05 15:48:37,,IDPS,    0,9,90,    57,33,    ,
2025-12-05 15:48:39,,IDPS,    0,10,90,    57,33,    ,
2025-12-05 15:48:41,,IDPS,    50,33,0,    58,32,    ,
2025-12-05 15:48:43,,IDPS,    0,9,90,    57,33,    ,
2025-12-05 15:48:45,,IDPS,    0,10,90,    58,32,    ,
2025-12-05 15:48:47,,IDPS,    0,9,90,    58,32,    ,
2025-12-05 15:48:48,,IDPS,    0,10,90,    58,32,    ,
2025-12-05 15:48:50,,IDPS,    0,9,90,    58,32,    ,
2025-12-05 15:48:52,,IDPS,    41,58,0,    58,32,    ,
2025-12-05 15:48:54,,IDPS,    0,10,90,    58,32,    ,
2025-12-05 15:48:56,,IDPS,    9,0,90,    58,32,    ,
2025-12-05 15:48:58,,IDPS,    0,9,90,    58,32,    ,
2025-12-05 15:48:59,,IDPS,    0,16,83,    58,32,    ,
2025-12-05 15:49:01,,IDPS,    0,9,90,    58,32,    ,
2025-12-05 15:49:03,,IDPS,    30,69,0,    58,31,    ,
2025-12-05 15:49:05,,IDPS,    0,10,90,    58,32,    ,
2025-12-05 15:49:07,,IDPS,    0,25,75,    58,32,    ,
2025-12-05 15:49:09,,IDPS,    0,9,90,    58,32,    ,
2025-12-05 15:49:11,,IDPS,    9,27,63,    58,32,    ,
2025-12-05 15:49:12,,IDPS,    10,10,80,    58,32,    ,
2025-12-05 15:49:14,,IDPS,    40,40,20,    58,32,    ,
2025-12-05 15:49:16,31838,IDPS,    0,100,0,    59,30,    0.00,9044
2025-12-05 15:49:19,31838,IDPS,    0,30,69,    60,30,    0.00,11464
2025-12-05 15:49:21,31838,IDPS,    0,9,90,    61,28,    0.00,13244
2025-12-05 15:49:23,31838,IDPS,    0,16,83,    61,28,    0.00,13244
2025-12-05 15:49:25,31838,IDPS,    0,9,90,    62,28,    0.00,13244
2025-12-05 15:49:27,31838,IDPS,    0,9,90,    62,28,    0.00,13244
2025-12-05 15:49:29,31838,IDPS,    0,10,90,    62,28,    0.00,13244
2025-12-05 15:49:31,31838,IDPS,    0,20,80,    62,28,    0.00,13260
2025-12-05 15:49:33,31838,IDPS,    0,9,90,    66,24,    0.00,17560
2025-12-05 15:49:35,31838,IDPS,    33,66,0,    66,24,    0.00,17560
2025-12-05 15:49:37,31838,IDPS,    0,23,76,    66,24,    0.00,17560
2025-12-05 15:49:39,31838,IDPS,    8,8,83,    66,23,    0.00,17560
2025-12-05 15:49:41,31838,IDPS,    8,16,75,    66,23,    0.00,17560
2025-12-05 15:49:43,31838,IDPS,    0,9,90,    66,23,    0.00,17560
2025-12-05 15:49:46,31838,IDPS,    18,81,0,    67,23,    0.00,17560
2025-12-05 15:49:48,31838,IDPS,    0,16,83,    66,23,    0.00,17560
2025-12-05 15:49:50,31838,IDPS,    0,10,90,    66,23,    0.00,17560
2025-12-05 15:49:52,31838,IDPS,    58,41,0,    69,21,    0.00,17560
2025-12-05 15:49:55,31838,IDPS,    41,58,0,    68,21,    0.00,17560
2025-12-05 15:49:57,31838,IDPS,    46,53,0,    68,21,    0.00,17560
2025-12-05 15:50:00,31838,IDPS,    63,36,0,    68,21,    0.00,17560
2025-12-05 15:50:03,31838,IDPS,    63,36,0,    70,20,    0.00,17560
2025-12-05 15:50:05,31838,IDPS,    66,33,0,    68,21,    0.00,17560
2025-12-05 15:50:08,31838,IDPS,    54,45,0,    68,21,    0.00,17560
2025-12-05 15:50:11,31838,IDPS,    66,33,0,    70,20,    0.00,17560
2025-12-05 15:50:14,31838,IDPS,    72,27,0,    69,20,    0.00,17560
2025-12-05 15:50:16,31838,IDPS,    36,63,0,    70,20,    0.00,17560
2025-12-05 15:50:19,31838,IDPS,    75,25,0,    70,20,    0.00,17560
2025-12-05 15:50:21,31838,IDPS,    33,66,0,    69,20,    0.00,17560
2025-12-05 15:50:24,31838,IDPS,    66,33,0,    71,19,    0.00,17564
2025-12-05 15:50:27,31838,IDPS,    44,27,0,    71,19,    0.00,17884
2025-12-05 15:50:31,31838,IDPS,    58,25,0,    70,20,    0.00,17884
2025-12-05 15:50:34,31838,IDPS,    50,25,0,    69,20,    0.00,17920
2025-12-05 15:50:38,31838,IDPS,    63,9,0,    72,18,    0.00,17960
2025-12-05 15:50:42,31838,IDPS,    50,25,0,    71,19,    0.00,17964
2025-12-05 15:50:46,31838,IDPS,    72,18,0,    71,18,    0.00,17964
2025-12-05 15:50:50,31838,IDPS,    54,18,0,    79,10,    0.00,17964
2025-12-05 15:50:54,31838,IDPS,    72,18,0,    82,7,    0.00,17964
2025-12-05 15:50:59,31838,IDPS,    41,35,0,    95,5,    0.00,17964
2025-12-05 15:51:06,31838,IDPS,    63,36,0,    88,14,    0.00,17964
2025-12-05 15:51:09,31838,IDPS,    78,0,0,    88,14,    0.00,17964
2025-12-05 15:51:13,31838,IDPS,    53,23,0,    96,10,    0.00,17964
2025-12-05 15:51:19,31838,IDPS,    57,14,0,    94,15,    0.00,17964
2025-12-05 15:51:24,31838,IDPS,    35,41,0,    91,17,    0.00,17964
2025-12-05 15:51:29,31838,IDPS,    46,38,0,    71,33,    0.00,17964
2025-12-05 15:51:33,31838,IDPS,    42,42,0,    71,32,    0.00,17964
2025-12-05 15:51:37,31838,IDPS,    26,53,0,    71,31,    0.00,17964
2025-12-05 15:51:41,31838,IDPS,    41,41,0,    72,31,    0.00,17964
2025-12-05 15:51:45,31838,IDPS,    53,30,0,    72,30,    0.00,17964
2025-12-05 15:51:50,31838,IDPS,    30,46,0,    73,30,    0.00,17964
2025-12-05 15:51:53,31838,IDPS,    61,15,0,    71,31,    0.00,17964
2025-12-05 15:51:57,31838,IDPS,    30,23,0,    72,30,    0.00,17964
2025-12-05 15:52:00,31838,IDPS,    46,0,0,    73,29,    0.00,17964
2025-12-05 15:52:03,31838,IDPS,    46,30,0,    73,29,    0.00,17964
2025-12-05 15:52:08,31838,IDPS,    23,46,0,    73,30,    0.00,17964
2025-12-05 15:52:11,31838,IDPS,    30,30,0,    72,31,    0.00,17964
2025-12-05 15:52:14,31838,IDPS,    27,54,0,    72,30,    0.00,17964
2025-12-05 15:52:18,31838,IDPS,    27,54,0,    73,29,    0.00,17964
2025-12-05 15:52:21,31838,IDPS,    20,26,0,    74,28,    0.00,17964
2025-12-05 15:52:25,31838,IDPS,    23,46,0,    74,28,    0.00,17964
2025-12-05 15:52:28,31838,IDPS,    54,45,0,    74,28,    0.00,17964
2025-12-05 15:52:32,31838,IDPS,    41,25,0,    74,28,    0.00,17964
2025-12-05 15:52:35,31838,IDPS,    57,21,0,    73,30,    0.00,17964
2025-12-05 15:52:39,31838,IDPS,    30,30,0,    72,30,    0.00,17964
2025-12-05 15:52:43,31838,IDPS,    72,9,0,    74,28,    0.00,18024
2025-12-05 15:52:46,31838,IDPS,    41,33,0,    73,29,    0.00,18044
2025-12-05 15:52:50,31838,IDPS,    13,53,0,    73,29,    0.00,18044
2025-12-05 15:52:53,31838,IDPS,    64,14,0,    73,28,    0.00,18044
2025-12-05 15:52:56,31838,IDPS,    61,23,0,    73,28,    0.00,18044
2025-12-05 15:53:00,31838,IDPS,    41,25,0,    75,27,    0.00,18048
2025-12-05 15:53:04,31838,IDPS,    41,33,0,    75,27,    0.00,18048
2025-12-05 15:53:07,31838,IDPS,    9,36,0,    74,27,    0.00,18048
2025-12-05 15:53:10,31838,IDPS,    42,21,0,    74,28,    0.00,18048
2025-12-05 15:53:13,31838,IDPS,    27,36,0,    74,27,    0.00,18048
2025-12-05 15:53:17,31838,IDPS,    23,53,0,    75,27,    0.00,18048
2025-12-05 15:53:21,31838,IDPS,    35,21,0,    76,26,    0.00,18048
2025-12-05 15:53:24,31838,IDPS,    15,46,0,    75,27,    0.00,18048
2025-12-05 15:53:27,13860,IDPS,    35,28,0,    75,27,    0.00,
2025-12-05 15:53:30,31838,IDPS,    27,45,0,    77,25,    0.00,18048
2025-12-05 15:53:34,31838,IDPS,    23,46,0,    77,25,    0.00,18048
2025-12-05 15:53:37,31838,IDPS,    35,14,0,    77,25,    0.00,18048
2025-12-05 15:53:41,31838,IDPS,    25,41,0,    77,25,    0.00,18048
2025-12-05 15:53:44,31838,IDPS,    38,46,0,    75,27,    0.00,18048
2025-12-05 15:53:48,31838,IDPS,    50,33,0,    77,25,    0.00,18048
2025-12-05 15:53:52,31838,IDPS,    61,7,0,    76,26,    0.00,18048
2025-12-05 15:53:55,31838,IDPS,    66,26,0,    77,25,    0.00,18048
2025-12-05 15:53:59,15471,IDPS,    54,27,0,    77,25,    0.00,
2025-12-05 15:54:02,31838,IDPS,    66,16,0,    77,24,    0.00,18048
2025-12-05 15:54:06,15818,IDPS,    35,58,0,    79,23,    0.00,
2025-12-05 15:54:10,31838,IDPS,    23,30,0,    82,19,    0.00,18048
2025-12-05 15:54:13,31838,IDPS,    53,20,0,    82,20,    0.00,18048
2025-12-05 15:54:16,31838,IDPS,    23,38,0,    83,19,    0.00,18048
2025-12-05 15:54:20,31838,IDPS,    50,14,0,    85,17,    0.00,18048
2025-12-05 15:54:23,31838,IDPS,    41,16,0,    83,19,    0.00,18048
2025-12-05 15:54:27,31838,IDPS,    58,25,0,    83,18,    0.00,18048
2025-12-05 15:54:30,31838,IDPS,    36,18,0,    85,17,    0.00,18048
2025-12-05 15:54:33,31838,IDPS,    30,46,0,    83,19,    0.00,18048
2025-12-05 15:54:36,31838,IDPS,    41,25,0,    84,18,    0.00,18048
2025-12-05 15:54:39,31838,IDPS,    25,41,0,    84,18,    0.00,18048
2025-12-05 15:54:43,31838,IDPS,    46,15,0,    85,17,    0.00,18048
2025-12-05 15:54:47,31838,IDPS,    41,16,0,    85,17,    0.00,18048
2025-12-05 15:54:50,18141,IDPS,    21,35,0,    86,16,    0.00,
2025-12-05 15:54:53,31838,IDPS,    45,18,0,    85,17,    0.00,18048
2025-12-05 15:54:56,31838,IDPS,    35,42,0,    85,16,    0.00,18048
2025-12-05 15:55:00,18673,IDPS,    30,38,0,    86,16,    0.00,
2025-12-05 15:55:03,31838,IDPS,    61,15,0,    85,17,    0.00,18048
2025-12-05 15:55:06,31838,IDPS,    28,28,0,    86,16,    0.00,18048
2025-12-05 15:55:09,31838,IDPS,    33,16,0,    86,16,    0.00,18048
2025-12-05 15:55:13,31838,IDPS,    7,53,0,    85,16,    0.00,18048
2025-12-05 15:55:16,31838,IDPS,    27,45,0,    86,16,    0.00,18048
2025-12-05 15:55:19,31838,IDPS,    38,46,0,    86,15,    0.00,18048
2025-12-05 15:55:23,31838,IDPS,    33,25,0,    86,16,    0.00,18048
2025-12-05 15:55:26,20056,IDPS,    33,16,0,    87,14,    0.00,
2025-12-05 15:55:29,31838,IDPS,    33,41,0,    86,15,    0.00,18048
2025-12-05 15:55:33,20427,IDPS,    23,38,0,    88,14,    0.00,
2025-12-05 15:55:36,31838,IDPS,    41,16,0,    86,15,    0.00,18048
2025-12-05 15:55:39,31838,IDPS,    36,18,0,    87,15,    0.00,18048
2025-12-05 15:55:42,31838,IDPS,    15,46,0,    86,15,    0.00,18048
2025-12-05 15:55:45,31838,IDPS,    23,30,0,    87,14,    0.00,18048
2025-12-05 15:55:49,31838,IDPS,    50,8,0,    87,15,    0.00,18048
2025-12-05 15:55:52,31838,IDPS,    42,28,0,    87,15,    0.00,18048
2025-12-05 15:55:55,31838,IDPS,    40,40,0,    89,12,    0.00,18048
2025-12-05 15:55:59,31838,IDPS,    15,53,0,    89,13,    0.00,18048
2025-12-05 15:56:02,21960,IDPS,    25,41,0,    88,13,    0.00,
2025-12-05 15:56:06,31838,IDPS,    46,20,0,    82,19,    0.00,18048
2025-12-05 15:56:10,31838,IDPS,    42,14,0,    82,19,    0.00,18048
2025-12-05 15:56:13,31838,IDPS,    45,18,0,    82,19,    0.00,18048
2025-12-05 15:56:16,31838,IDPS,    27,18,0,    83,19,    0.00,18048
2025-12-05 15:56:19,22817,IDPS,    30,30,0,    84,17,    0.00,
2025-12-05 15:56:24,31838,IDPS,    28,28,0,    82,19,    0.00,18048
2025-12-05 15:56:27,31838,IDPS,    66,16,0,    86,15,    0.00,18048
2025-12-05 15:56:31,31838,IDPS,    38,38,0,    89,13,    0.00,18048
2025-12-05 15:56:34,31838,IDPS,    50,41,0,    89,13,    0.00,18048
2025-12-05 15:56:37,31838,IDPS,    53,15,0,    89,12,    0.00,18048
2025-12-05 15:56:41,31838,IDPS,    64,14,0,    91,11,    0.00,18048
2025-12-05 15:56:45,31838,IDPS,    38,30,0,    90,11,    0.00,18048
2025-12-05 15:56:48,31838,IDPS,    75,25,0,    89,12,    0.00,18048
2025-12-05 15:56:50,31838,IDPS,    66,33,0,    89,12,    0.00,18048
2025-12-05 15:56:53,31838,IDPS,    72,27,0,    90,12,    0.00,18048
2025-12-05 15:56:56,24793,IDPS,    45,54,0,    92,10,    0.00,
2025-12-05 15:56:58,31838,IDPS,    63,36,0,    90,11,    0.00,18048
2025-12-05 15:57:01,31838,IDPS,    69,30,0,    90,11,    0.00,18048
2025-12-05 15:57:04,25296,IDPS,    15,38,0,    91,10,    0.00,
2025-12-05 15:57:07,31838,IDPS,    50,16,0,    91,11,    0.00,18048
2025-12-05 15:57:11,31838,IDPS,    53,23,0,    92,9,    0.00,18048
2025-12-05 15:57:14,31838,IDPS,    45,36,0,    90,11,    0.00,18048
2025-12-05 15:57:17,31838,IDPS,    54,18,0,    91,10,    0.00,18048
2025-12-05 15:57:20,31838,IDPS,    15,53,0,    92,9,    0.00,18048
2025-12-05 15:57:24,26321,IDPS,    33,25,0,    93,8,    0.00,
2025-12-05 15:57:27,31838,IDPS,    81,0,0,    94,7,    0.00,18048
2025-12-05 15:57:30,26668,IDPS,    50,8,0,    93,8,    0.00,
2025-12-05 15:57:33,31838,IDPS,    15,53,0,    73,29,    0.00,18048
2025-12-05 15:57:36,31838,IDPS,    8,33,0,    73,29,    0.00,18048
2025-12-05 15:57:39,31838,IDPS,    7,15,0,    73,28,    0.00,18048
2025-12-05 15:57:42,31838,IDPS,    8,25,0,    73,28,    0.00,18048
2025-12-05 15:57:45,31838,IDPS,    7,61,0,    73,28,    0.00,18048
2025-12-05 15:57:48,31838,IDPS,    8,16,0,    73,28,    0.00,18048
2025-12-05 15:57:51,31838,IDPS,    42,28,0,    76,25,    0.00,18048
2025-12-05 15:57:54,31838,IDPS,    33,41,0,    79,22,    0.00,18048
2025-12-05 15:57:58,31838,IDPS,    61,23,0,    77,24,    0.00,18048
2025-12-05 15:58:01,31838,IDPS,    40,33,0,    77,24,    0.00,18048
2025-12-05 15:58:05,31838,IDPS,    0,8,0,    73,28,    0.00,18048
2025-12-05 15:58:07,31838,IDPS,    21,50,0,    73,28,    0.00,18048
2025-12-05 15:58:10,31838,IDPS,    0,15,0,    73,28,    0.00,18048
2025-12-05 15:58:14,31838,IDPS,    0,25,0,    73,28,    0.00,18048
2025-12-05 15:58:17,31838,IDPS,    7,15,0,    73,28,    0.00,18048
2025-12-05 15:58:19,31838,IDPS,    0,63,0,    73,28,    0.00,18048
2025-12-05 15:58:22,31838,IDPS,    0,45,0,    73,28,    0.00,18048
2025-12-05 15:58:25,31838,IDPS,    0,15,0,    73,28,    0.00,18048
2025-12-05 15:58:28,31838,IDPS,    0,30,0,    73,28,    0.00,18048
2025-12-05 15:58:31,31838,IDPS,    16,58,0,    73,28,    0.00,18048
2025-12-05 15:58:34,31838,IDPS,    0,23,0,    73,28,    0.00,18048
2025-12-05 15:58:37,31838,IDPS,    0,16,0,    73,28,    0.00,18048
2025-12-05 15:58:39,31838,IDPS,    38,46,0,    74,27,    0.00,18048
2025-12-05 15:58:43,31838,IDPS,    27,36,0,    76,24,    0.00,18048
2025-12-05 15:58:47,31838,IDPS,    38,23,0,    79,22,    0.00,18048
2025-12-05 15:58:50,,IDPS,    16,66,0,    71,29,    ,
2025-12-05 15:58:53,,IDPS,    15,61,0,    70,31,    ,
2025-12-05 15:58:55,,IDPS,    18,45,0,    65,36,    ,
2025-12-05 15:58:58,,IDPS,    0,27,0,    65,36,    ,
2025-12-05 15:59:01,,IDPS,    9,9,81,    65,36,    ,
2025-12-05 15:59:02,,IDPS,    0,10,90,    65,36,    ,
2025-12-05 15:59:04,,IDPS,    0,18,81,    65,36,    ,
2025-12-05 15:59:06,,IDPS,    0,25,75,    65,36,    ,
2025-12-05 15:59:08,,IDPS,    9,0,90,    65,36,    ,
2025-12-05 15:59:10,,IDPS,    0,10,90,    65,36,    ,
2025-12-05 15:59:12,,IDPS,    8,8,83,    65,36,    ,
2025-12-05 15:59:13,,IDPS,    0,9,90,    65,36,    ,
2025-12-05 15:59:15,,IDPS,    0,16,83,    65,36,    ,
2025-12-05 15:59:17,,IDPS,    0,16,83,    65,36,    ,
2025-12-05 15:59:19,,IDPS,    20,10,70,    65,36,    ,
2025-12-05 15:59:21,,IDPS,    0,10,90,    65,36,    ,
2025-12-05 15:59:23,,IDPS,    0,9,90,    65,36,    ,
2025-12-05 15:59:24,,IDPS,    0,9,90,    65,36,    ,
2025-12-05 15:59:26,,IDPS,    0,9,90,    65,36,    ,
2025-12-05 15:59:28,,IDPS,    8,25,66,    65,36,    ,
2025-12-05 15:59:30,,IDPS,    0,9,90,    65,36,    ,
2025-12-05 15:59:32,,IDPS,    0,16,83,    65,36,    ,
2025-12-05 15:59:34,,IDPS,    7,21,71,    65,36,    ,
2025-12-05 15:59:36,750,IDPS,    7,92,0,    66,34,    85.00,8876
2025-12-05 15:59:38,750,IDPS,    8,91,0,    66,33,    64.00,8900
2025-12-05 15:59:40,750,IDPS,    9,36,54,    67,32,    9.00,12324
2025-12-05 15:59:42,750,IDPS,    9,0,90,    68,31,    9.00,13044
2025-12-05 15:59:44,750,IDPS,    0,16,83,    68,31,    0.00,13044
2025-12-05 15:59:47,750,IDPS,    0,9,90,    68,31,    0.00,13044
2025-12-05 15:59:48,750,IDPS,    0,9,90,    68,31,    0.00,13044
2025-12-05 15:59:50,750,IDPS,    16,33,50,    68,31,    0.00,13044
2025-12-05 15:59:52,750,IDPS,    0,9,90,    68,31,    0.00,13044
2025-12-05 15:59:54,750,IDPS,    9,9,81,    72,27,    0.00,17356
2025-12-05 15:59:57,750,IDPS,    0,18,81,    72,27,    0.00,17356
2025-12-05 15:59:59,750,IDPS,    0,10,90,    72,27,    0.00,17356
2025-12-05 16:00:01,750,IDPS,    58,41,0,    73,26,    0.00,17356
2025-12-05 16:00:03,750,IDPS,    0,10,90,    72,27,    0.00,17356
2025-12-05 16:00:05,750,IDPS,    0,16,83,    72,27,    0.00,17356
2025-12-05 16:00:07,750,IDPS,    0,10,90,    72,27,    0.00,17356
2025-12-05 16:00:09,750,IDPS,    0,18,81,    72,27,    0.00,17356
2025-12-05 16:00:11,750,IDPS,    0,10,90,    72,27,    0.00,17356
2025-12-05 16:00:13,750,IDPS,    0,36,63,    72,27,    0.00,17356
2025-12-05 16:00:16,750,IDPS,    0,9,90,    72,27,    0.00,17356
2025-12-05 16:00:18,750,IDPS,    0,10,90,    72,27,    0.00,17356
2025-12-05 16:00:20,750,IDPS,    0,10,90,    72,27,    0.00,17356
2025-12-05 16:00:22,750,IDPS,    0,16,83,    72,27,    0.00,17356
2025-12-05 16:00:24,750,IDPS,    0,36,63,    72,27,    0.00,17356
2025-12-05 16:00:26,750,IDPS,    0,9,90,    72,27,    0.00,17356
2025-12-05 16:00:29,750,IDPS,    0,0,100,    72,27,    0.00,17356
2025-12-05 16:00:31,750,IDPS,    0,9,90,    72,27,    0.00,17356
2025-12-05 16:00:33,,IDPS,    0,9,90,    65,34,    ,
2025-12-05 16:00:34,,IDPS,    0,10,90,    65,34,    ,
2025-12-05 16:00:36,,IDPS,    0,9,90,    65,34,    ,
2025-12-05 16:00:38,,IDPS,    0,10,90,    65,34,    ,
2025-12-05 16:00:40,,IDPS,    0,16,83,    65,34,    ,
2025-12-05 16:00:42,,IDPS,    0,9,90,    65,34,    ,
2025-12-05 16:00:44,,IDPS,    0,18,81,    65,34,    ,
2025-12-05 16:00:46,,IDPS,    0,18,81,    65,34,    ,
2025-12-05 16:00:48,,IDPS,    0,25,75,    65,34,    ,
2025-12-05 16:00:49,,IDPS,    9,0,90,    65,34,    ,
2025-12-05 16:00:51,,IDPS,    0,9,90,    65,34,    ,
2025-12-05 16:00:53,,IDPS,    0,9,90,    65,34,    ,
2025-12-05 16:00:55,,IDPS,    9,9,72,    65,34,    ,
2025-12-05 16:00:57,,IDPS,    0,9,90,    65,34,    ,
2025-12-05 16:00:59,,IDPS,    0,10,90,    65,34,    ,
2025-12-05 16:01:01,,IDPS,    0,16,83,    65,34,    ,
2025-12-05 16:01:02,,IDPS,    0,16,83,    65,34,    ,
2025-12-05 16:01:04,,IDPS,    0,9,90,    65,34,    ,
2025-12-05 16:01:06,,IDPS,    33,66,0,    65,34,    ,
2025-12-05 16:01:08,,IDPS,    0,16,83,    65,34,    ,
2025-12-05 16:01:10,,IDPS,    9,36,54,    65,34,    ,
2025-12-05 16:01:12,,IDPS,    9,0,90,    65,34,    ,
2025-12-05 16:01:13,,IDPS,    0,9,90,    65,34,    ,
2025-12-05 16:01:15,,IDPS,    0,9,90,    65,34,    ,
2025-12-05 16:01:17,,IDPS,    45,54,0,    65,34,    ,
2025-12-05 16:01:19,,IDPS,    0,16,83,    65,34,    ,
2025-12-05 16:01:21,,IDPS,    0,9,90,    65,34,    ,
2025-12-05 16:01:23,,IDPS,    7,15,76,    65,34,    ,
2025-12-05 16:01:25,,IDPS,    9,0,90,    65,34,    ,
2025-12-05 16:01:27,,IDPS,    0,10,90,    65,34,    ,
2025-12-05 16:01:28,,IDPS,    50,50,0,    65,34,    ,
2025-12-05 16:01:30,,IDPS,    0,18,81,    65,34,    ,
2025-12-05 16:01:32,,IDPS,    0,9,90,    65,34,    ,
2025-12-05 16:01:34,,IDPS,    9,0,90,    65,34,    ,
2025-12-05 16:01:36,,IDPS,    0,16,83,    65,34,    ,
2025-12-05 16:01:38,,IDPS,    0,10,90,    65,34,    ,
2025-12-05 16:01:39,,IDPS,    41,58,0,    65,33,    ,
2025-12-05 16:01:41,,IDPS,    0,9,90,    65,34,    ,
2025-12-05 16:01:43,,IDPS,    0,10,90,    65,34,    ,
2025-12-05 16:01:45,,IDPS,    10,40,50,    65,34,    ,
2025-12-05 16:01:47,,IDPS,    0,9,90,    65,34,    ,
2025-12-05 16:01:49,,IDPS,    0,9,90,    65,34,    ,
2025-12-05 16:01:50,,IDPS,    15,84,0,    65,33,    ,
2025-12-05 16:01:53,,IDPS,    72,27,0,    76,22,    ,
2025-12-05 16:01:55,,IDPS,    66,33,0,    82,16,    ,
2025-12-05 16:01:57,,IDPS,    0,25,75,    65,32,    ,
2025-12-05 16:01:59,,IDPS,    50,50,0,    65,32,    ,
2025-12-05 16:02:01,,IDPS,    33,66,0,    60,37,    ,
2025-12-05 16:02:04,,IDPS,    33,33,33,    59,38,    ,
2025-12-05 16:02:06,,IDPS,    0,9,90,    59,38,    ,
2025-12-05 16:02:07,,IDPS,    0,9,90,    59,38,    ,
2025-12-05 16:02:09,,IDPS,    0,18,81,    59,38,    ,
2025-12-05 16:02:11,,IDPS,    9,18,72,    59,38,    ,
2025-12-05 16:02:13,,IDPS,    33,66,0,    59,38,    ,
2025-12-05 16:02:15,,IDPS,    0,16,83,    59,38,    ,
2025-12-05 16:02:17,,IDPS,    0,16,83,    59,38,    ,
2025-12-05 16:02:19,,IDPS,    0,9,90,    59,38,    ,
2025-12-05 16:02:20,,IDPS,    0,9,90,    59,38,    ,
2025-12-05 16:02:22,,IDPS,    0,9,90,    59,38,    ,
2025-12-05 16:02:24,,IDPS,    8,91,0,    59,38,    ,
2025-12-05 16:02:26,,IDPS,    16,33,50,    59,38,    ,
2025-12-05 16:02:28,,IDPS,    0,9,90,    59,38,    ,
2025-12-05 16:02:30,,IDPS,    0,9,90,    59,38,    ,
2025-12-05 16:02:32,,IDPS,    9,0,72,    59,38,    ,
2025-12-05 16:02:33,,IDPS,    8,8,83,    59,38,    ,
2025-12-05 16:02:35,,IDPS,    18,9,72,    59,38,    ,
2025-12-05 16:02:37,,IDPS,    0,23,76,    59,38,    ,
2025-12-05 16:02:39,,IDPS,    0,16,83,    59,38,    ,
2025-12-05 16:02:41,,IDPS,    0,10,90,    59,38,    ,
2025-12-05 16:02:42,,IDPS,    0,16,83,    59,38,    ,
2025-12-05 16:02:44,,IDPS,    20,20,60,    59,38,    ,
2025-12-05 16:02:46,,IDPS,    25,75,0,    59,38,    ,
2025-12-05 16:02:48,,IDPS,    0,9,90,    59,38,    ,
2025-12-05 16:02:50,,IDPS,    0,9,90,    59,38,    ,
2025-12-05 16:02:51,,IDPS,    0,16,83,    59,38,    ,
2025-12-05 16:02:53,,IDPS,    0,9,90,    59,38,    ,
2025-12-05 16:02:55,,IDPS,    0,18,81,    59,38,    ,
2025-12-05 16:02:57,,IDPS,    0,9,90,    59,38,    ,
2025-12-05 16:02:59,,IDPS,    0,10,90,    59,38,    ,
2025-12-05 16:03:00,,IDPS,    0,9,90,    59,38,    ,
2025-12-05 16:03:02,,IDPS,    0,9,90,    59,38,    ,
2025-12-05 16:03:04,,IDPS,    0,9,90,    59,38,    ,
2025-12-05 16:03:06,,IDPS,    0,10,90,    59,38,    ,
2025-12-05 16:03:08,,IDPS,    0,18,81,    59,38,    ,
2025-12-05 16:03:10,,IDPS,    0,9,90,    59,38,    ,
2025-12-05 16:03:12,,IDPS,    0,10,90,    59,38,    ,
2025-12-05 16:03:13,,IDPS,    0,10,90,    59,38,    ,
2025-12-05 16:03:15,,IDPS,    0,16,83,    59,38,    ,
2025-12-05 16:03:17,,IDPS,    0,9,90,    59,38,    ,
2025-12-05 16:03:19,,IDPS,    0,9,90,    59,38,    ,
2025-12-05 16:03:21,,IDPS,    0,16,83,    59,38,    ,
2025-12-05 16:03:23,,IDPS,    0,11,88,    59,38,    ,
2025-12-05 16:03:24,,IDPS,    0,9,90,    59,38,    ,
2025-12-05 16:03:26,,IDPS,    0,10,90,    59,38,    ,
2025-12-05 16:03:28,,IDPS,    16,75,8,    59,37,    ,
2025-12-05 16:03:30,,IDPS,    0,9,90,    59,38,    ,
2025-12-05 16:03:32,,IDPS,    0,18,81,    59,38,    ,
2025-12-05 16:03:34,,IDPS,    9,0,90,    59,38,    ,
2025-12-05 16:03:36,,IDPS,    9,0,90,    59,38,    ,
2025-12-05 16:03:38,,IDPS,    0,9,90,    59,38,    ,
2025-12-05 16:03:39,,IDPS,    16,83,0,    59,37,    ,
2025-12-05 16:03:41,,IDPS,    0,9,90,    59,38,    ,
2025-12-05 16:03:43,,IDPS,    0,9,90,    59,38,    ,
2025-12-05 16:03:45,,IDPS,    0,9,90,    59,38,    ,
2025-12-05 16:03:47,,IDPS,    0,40,60,    59,38,    ,
2025-12-05 16:03:49,,IDPS,    0,10,90,    59,38,    ,
2025-12-05 16:03:50,,IDPS,    38,61,0,    59,37,    ,
2025-12-05 16:03:53,,IDPS,    0,10,90,    59,38,    ,
2025-12-05 16:03:55,,IDPS,    0,10,90,    59,38,    ,
2025-12-05 16:03:56,,IDPS,    0,9,90,    59,38,    ,
2025-12-05 16:03:58,,IDPS,    0,9,90,    59,38,    ,
2025-12-05 16:04:00,,IDPS,    9,0,90,    59,38,    ,
2025-12-05 16:04:02,,IDPS,    27,72,0,    59,37,    ,
2025-12-05 16:04:04,,IDPS,    0,16,83,    59,38,    ,
2025-12-05 16:04:06,,IDPS,    0,9,90,    59,38,    ,
2025-12-05 16:04:08,,IDPS,    0,9,90,    59,38,    ,
2025-12-05 16:04:09,,IDPS,    0,9,90,    59,38,    ,
2025-12-05 16:04:11,,IDPS,    9,0,90,    59,38,    ,
2025-12-05 16:04:13,,IDPS,    33,66,0,    59,38,    ,
2025-12-05 16:04:15,,IDPS,    0,23,76,    59,38,    ,
2025-12-05 16:04:16,,IDPS,    0,9,90,    59,38,    ,
2025-12-05 16:04:18,,IDPS,    9,9,81,    59,38,    ,
2025-12-05 16:04:20,,IDPS,    0,25,75,    59,38,    ,
2025-12-05 16:04:22,,IDPS,    0,9,90,    59,38,    ,
2025-12-05 16:04:24,,IDPS,    0,9,90,    59,38,    ,
2025-12-05 16:04:26,,IDPS,    0,9,90,    59,38,    ,
2025-12-05 16:04:28,,IDPS,    7,15,76,    59,38,    ,
2025-12-05 16:04:29,,IDPS,    9,0,90,    59,38,    ,
2025-12-05 16:04:31,,IDPS,    0,9,90,    59,38,    ,
2025-12-05 16:04:33,,IDPS,    9,9,81,    59,38,    ,
2025-12-05 16:04:35,,IDPS,    18,18,63,    59,38,    ,
2025-12-05 16:04:36,,IDPS,    9,0,90,    59,38,    ,
2025-12-05 16:04:38,,IDPS,    0,9,90,    59,38,    ,
2025-12-05 16:04:40,,IDPS,    9,0,90,    59,38,    ,
2025-12-05 16:04:42,,IDPS,    0,9,90,    59,38,    ,
2025-12-05 16:04:44,,IDPS,    0,9,90,    59,38,    ,
2025-12-05 16:04:46,,IDPS,    0,18,81,    59,38,    ,
2025-12-05 16:04:47,,IDPS,    10,10,80,    59,38,    ,
2025-12-05 16:04:50,,IDPS,    0,16,83,    59,38,    ,
2025-12-05 16:04:51,,IDPS,    0,9,90,    59,38,    ,
2025-12-05 16:04:53,,IDPS,    0,9,90,    59,38,    ,
2025-12-05 16:04:55,,IDPS,    0,36,63,    59,37,    ,
2025-12-05 16:04:57,,IDPS,    0,9,90,    59,38,    ,
2025-12-05 16:04:59,,IDPS,    0,9,90,    59,38,    ,
2025-12-05 16:05:01,,IDPS,    0,9,90,    59,38,    ,
2025-12-05 16:05:02,,IDPS,    0,9,90,    59,38,    ,
2025-12-05 16:05:04,,IDPS,    0,9,90,    59,38,    ,
2025-12-05 16:05:06,,IDPS,    50,50,0,    59,37,    ,
2025-12-05 16:05:08,,IDPS,    0,9,90,    59,38,    ,
2025-12-05 16:05:10,,IDPS,    0,9,90,    59,38,    ,
2025-12-05 16:05:12,,IDPS,    0,9,90,    59,38,    ,
2025-12-05 16:05:14,,IDPS,    0,11,77,    59,38,    ,
2025-12-05 16:05:15,,IDPS,    0,10,90,    59,38,    ,
2025-12-05 16:05:17,,IDPS,    18,81,0,    59,38,    ,
2025-12-05 16:05:19,,IDPS,    0,10,90,    59,38,    ,
2025-12-05 16:05:21,,IDPS,    0,16,83,    59,38,    ,
2025-12-05 16:05:23,,IDPS,    16,25,58,    59,38,    ,
2025-12-05 16:05:25,,IDPS,    0,10,90,    59,37,    ,
2025-12-05 16:05:27,,IDPS,    0,9,90,    59,38,    ,
2025-12-05 16:05:28,,IDPS,    0,10,80,    59,38,    ,
2025-12-05 16:05:30,,IDPS,    0,9,90,    59,38,    ,
2025-12-05 16:05:32,,IDPS,    0,9,81,    59,38,    ,
2025-12-05 16:05:34,,IDPS,    0,9,90,    59,38,    ,
2025-12-05 16:05:36,,IDPS,    0,10,90,    59,38,    ,
2025-12-05 16:05:37,,IDPS,    0,9,90,    59,38,    ,
2025-12-05 16:05:39,,IDPS,    0,9,90,    59,38,    ,
2025-12-05 16:05:41,,IDPS,    0,27,72,    59,37,    ,
2025-12-05 16:05:43,,IDPS,    0,9,90,    59,38,    ,
2025-12-05 16:05:45,,IDPS,    0,9,90,    59,37,    ,
2025-12-05 16:05:46,,IDPS,    0,9,90,    59,38,    ,
2025-12-05 16:05:48,,IDPS,    0,18,81,    59,37,    ,
2025-12-05 16:05:50,,IDPS,    0,9,90,    59,38,    ,
2025-12-05 16:05:52,,IDPS,    0,18,81,    59,37,    ,
2025-12-05 16:05:54,,IDPS,    0,16,83,    59,37,    ,
2025-12-05 16:05:56,,IDPS,    0,9,90,    59,37,    ,
2025-12-05 16:05:58,,IDPS,    0,9,90,    59,37,    ,
2025-12-05 16:05:59,,IDPS,    0,9,90,    59,37,    ,
2025-12-05 16:06:01,,IDPS,    0,9,90,    59,37,    ,
2025-12-05 16:06:03,,IDPS,    16,25,58,    59,37,    ,
2025-12-05 16:06:05,,IDPS,    0,16,83,    59,37,    ,
2025-12-05 16:06:07,,IDPS,    7,15,76,    59,37,    ,
2025-12-05 16:06:09,,IDPS,    8,33,58,    59,37,    ,
2025-12-05 16:06:10,,IDPS,    41,58,0,    59,37,    ,
2025-12-05 16:06:13,,IDPS,    7,15,76,    59,37,    ,
2025-12-05 16:06:15,,IDPS,    0,18,81,    59,37,    ,
2025-12-05 16:06:16,,IDPS,    0,9,90,    59,37,    ,
2025-12-05 16:06:18,,IDPS,    0,9,90,    59,37,    ,
2025-12-05 16:06:20,,IDPS,    9,0,90,    59,37,    ,
2025-12-05 16:06:22,,IDPS,    0,9,90,    59,37,    ,
2025-12-05 16:06:24,,IDPS,    0,0,100,    59,37,    ,
2025-12-05 16:06:25,,IDPS,    0,9,90,    59,37,    ,
2025-12-05 16:06:27,,IDPS,    9,0,90,    59,37,    ,
2025-12-05 16:06:29,,IDPS,    0,9,90,    59,37,    ,
2025-12-05 16:06:31,,IDPS,    0,9,90,    59,37,    ,
2025-12-05 16:06:33,,IDPS,    8,25,66,    59,37,    ,
2025-12-05 16:06:34,,IDPS,    0,9,90,    59,37,    ,
2025-12-05 16:06:36,,IDPS,    0,35,64,    59,37,    ,
2025-12-05 16:06:38,,IDPS,    0,9,90,    59,37,    ,
2025-12-05 16:06:40,,IDPS,    0,9,90,    59,37,    ,
2025-12-05 16:06:42,,IDPS,    0,9,90,    59,37,    ,
2025-12-05 16:06:43,,IDPS,    0,9,90,    59,37,    ,
2025-12-05 16:06:45,,IDPS,    0,9,90,    59,37,    ,
2025-12-05 16:06:47,,IDPS,    0,9,90,    59,37,    ,
2025-12-05 16:06:49,,IDPS,    23,76,0,    59,37,    ,
2025-12-05 16:06:51,,IDPS,    0,9,90,    59,37,    ,
2025-12-05 16:06:53,,IDPS,    0,9,90,    59,37,    ,
2025-12-05 16:06:55,,IDPS,    0,9,90,    59,37,    ,
2025-12-05 16:06:56,,IDPS,    0,9,90,    59,37,    ,
2025-12-05 16:06:58,,IDPS,    0,9,90,    59,37,    ,
2025-12-05 16:07:00,,IDPS,    0,9,90,    59,37,    ,
2025-12-05 16:07:02,,IDPS,    0,9,90,    59,37,    ,
2025-12-05 16:07:04,,IDPS,    0,9,90,    59,37,    ,
2025-12-05 16:07:06,,IDPS,    0,16,83,    59,37,    ,
2025-12-05 16:07:08,,IDPS,    7,15,76,    59,37,    ,
2025-12-05 16:07:10,,IDPS,    9,9,81,    59,37,    ,
2025-12-05 16:07:11,,IDPS,    0,28,71,    59,37,    ,
2025-12-05 16:07:13,,IDPS,    0,9,90,    59,37,    ,
2025-12-05 16:07:15,,IDPS,    0,10,90,    59,37,    ,
2025-12-05 16:07:17,,IDPS,    0,9,90,    59,37,    ,
2025-12-05 16:07:19,,IDPS,    0,10,90,    59,37,    ,
2025-12-05 16:07:21,,IDPS,    10,20,70,    59,37,    ,
2025-12-05 16:07:23,,IDPS,    0,9,90,    59,37,    ,
2025-12-05 16:07:24,,IDPS,    0,9,90,    59,37,    ,
2025-12-05 16:07:26,,IDPS,    58,41,0,    59,37,    ,
2025-12-05 16:07:28,,IDPS,    9,0,90,    59,37,    ,
2025-12-05 16:07:30,,IDPS,    0,9,90,    59,37,    ,
2025-12-05 16:07:32,,IDPS,    7,42,50,    59,37,    ,
2025-12-05 16:07:34,,IDPS,    0,9,90,    59,37,    ,
2025-12-05 16:07:36,,IDPS,    0,27,72,    59,37,    ,
2025-12-05 16:07:38,,IDPS,    9,9,81,    59,37,    ,
2025-12-05 16:07:39,,IDPS,    0,9,90,    59,37,    ,
2025-12-05 16:07:41,,IDPS,    0,9,90,    59,37,    ,
2025-12-05 16:07:43,,IDPS,    0,9,90,    59,37,    ,
2025-12-05 16:07:45,,IDPS,    0,23,76,    59,37,    ,
2025-12-05 16:07:47,,IDPS,    0,10,90,    59,37,    ,
2025-12-05 16:07:48,,IDPS,    0,9,90,    59,37,    ,
2025-12-05 16:07:50,,IDPS,    8,41,41,    59,37,    ,
2025-12-05 16:07:52,,IDPS,    0,9,90,    59,37,    ,
2025-12-05 16:07:54,,IDPS,    0,9,90,    59,37,    ,
2025-12-05 16:07:55,,IDPS,    0,10,90,    59,37,    ,
2025-12-05 16:07:57,,IDPS,    0,10,90,    59,37,    ,
2025-12-05 16:07:59,,IDPS,    8,8,83,    59,37,    ,
2025-12-05 16:08:01,,IDPS,    14,28,57,    59,37,    ,
2025-12-05 16:08:03,,IDPS,    0,16,83,    59,37,    ,
2025-12-05 16:08:05,,IDPS,    0,18,81,    59,37,    ,
2025-12-05 16:08:06,,IDPS,    0,9,90,    59,37,    ,
2025-12-05 16:08:08,,IDPS,    0,9,90,    59,37,    ,
2025-12-05 16:08:10,,IDPS,    0,28,71,    59,37,    ,
2025-12-05 16:08:12,,IDPS,    0,9,90,    59,37,    ,
2025-12-05 16:08:14,,IDPS,    0,9,90,    59,37,    ,
2025-12-05 16:08:16,,IDPS,    0,18,81,    59,37,    ,
2025-12-05 16:08:17,,IDPS,    9,0,90,    59,37,    ,
2025-12-05 16:08:19,,IDPS,    0,0,100,    59,37,    ,
2025-12-05 16:08:22,,IDPS,    0,9,90,    59,37,    ,
2025-12-05 16:08:24,,IDPS,    8,16,75,    59,37,    ,
2025-12-05 16:08:25,,IDPS,    0,23,76,    59,37,    ,
2025-12-05 16:08:27,,IDPS,    0,16,83,    59,37,    ,
2025-12-05 16:08:29,,IDPS,    0,18,81,    59,37,    ,
2025-12-05 16:08:31,,IDPS,    33,66,0,    60,36,    ,
2025-12-05 16:08:33,,IDPS,    0,9,90,    59,37,    ,
2025-12-05 16:08:35,,IDPS,    0,9,90,    59,37,    ,
2025-12-05 16:08:36,,IDPS,    0,9,90,    59,37,    ,
2025-12-05 16:08:38,,IDPS,    0,9,90,    59,37,    ,
2025-12-05 16:08:40,,IDPS,    0,23,76,    59,37,    ,
2025-12-05 16:08:42,,IDPS,    38,61,0,    59,37,    ,
2025-12-05 16:08:44,,IDPS,    0,9,90,    59,37,    ,
2025-12-05 16:08:45,,IDPS,    0,16,83,    59,37,    ,
2025-12-05 16:08:47,,IDPS,    0,9,90,    59,37,    ,
2025-12-05 16:08:49,,IDPS,    0,9,90,    59,37,    ,
2025-12-05 16:08:51,,IDPS,    8,83,0,    59,37,    ,
2025-12-05 16:08:53,,IDPS,    0,9,90,    59,37,    ,
2025-12-05 16:08:55,,IDPS,    0,10,90,    59,37,    ,
2025-12-05 16:08:56,,IDPS,    20,30,50,    59,37,    ,
2025-12-05 16:08:58,,IDPS,    0,9,90,    59,37,    ,
2025-12-05 16:09:00,,IDPS,    0,9,90,    59,37,    ,
2025-12-05 16:09:02,,IDPS,    0,16,83,    59,37,    ,
2025-12-05 16:09:04,,IDPS,    9,0,90,    59,37,    ,
2025-12-05 16:09:05,,IDPS,    0,10,90,    59,37,    ,
2025-12-05 16:09:07,,IDPS,    0,9,90,    59,37,    ,
2025-12-05 16:09:09,,IDPS,    0,9,90,    59,37,    ,
2025-12-05 16:09:11,,IDPS,    0,16,83,    59,37,    ,
2025-12-05 16:09:13,,IDPS,    0,9,90,    59,37,    ,
2025-12-05 16:09:14,,IDPS,    0,9,90,    59,37,    ,
2025-12-05 16:09:16,,IDPS,    0,16,83,    59,37,    ,
2025-12-05 16:09:18,,IDPS,    0,9,90,    59,37,    ,
2025-12-05 16:09:20,,IDPS,    0,9,90,    59,37,    ,
2025-12-05 16:09:21,,IDPS,    7,23,69,    59,37,    ,
2025-12-05 16:09:23,,IDPS,    0,9,90,    59,37,    ,
2025-12-05 16:09:26,,IDPS,    0,9,90,    59,37,    ,
2025-12-05 16:09:28,,IDPS,    9,9,81,    59,37,    ,
2025-12-05 16:09:29,,IDPS,    0,9,90,    59,37,    ,
2025-12-05 16:09:31,,IDPS,    0,9,90,    59,37,    ,
2025-12-05 16:09:33,,IDPS,    0,18,81,    59,37,    ,
2025-12-05 16:09:35,,IDPS,    0,9,90,    59,36,    ,
2025-12-05 16:09:37,,IDPS,    0,9,90,    59,37,    ,
2025-12-05 16:09:39,,IDPS,    0,18,81,    59,37,    ,
2025-12-05 16:09:40,,IDPS,    0,9,90,    59,37,    ,
2025-12-05 16:09:42,,IDPS,    0,9,90,    59,37,    ,
2025-12-05 16:09:44,,IDPS,    0,9,90,    59,37,    ,
2025-12-05 16:09:46,,IDPS,    0,16,83,    60,36,    ,
2025-12-05 16:09:48,,IDPS,    0,9,90,    59,37,    ,
2025-12-05 16:09:50,,IDPS,    0,9,90,    59,37,    ,
2025-12-05 16:09:51,,IDPS,    9,45,45,    59,37,    ,
2025-12-05 16:09:54,,IDPS,    0,9,90,    59,37,    ,
2025-12-05 16:09:55,,IDPS,    0,9,90,    59,37,    ,
2025-12-05 16:09:57,,IDPS,    25,75,0,    59,36,    ,
2025-12-05 16:09:59,,IDPS,    0,10,90,    59,37,    ,
2025-12-05 16:10:01,,IDPS,    0,10,90,    59,37,    ,
2025-12-05 16:10:03,,IDPS,    9,0,90,    59,37,    ,
2025-12-05 16:10:05,,IDPS,    0,9,90,    59,37,    ,
2025-12-05 16:10:06,,IDPS,    0,16,83,    59,37,    ,
2025-12-05 16:10:08,,IDPS,    36,63,0,    60,36,    ,
2025-12-05 16:10:10,,IDPS,    0,9,90,    59,37,    ,
2025-12-05 16:10:12,,IDPS,    0,9,90,    59,37,    ,
2025-12-05 16:10:14,,IDPS,    0,10,90,    59,37,    ,
2025-12-05 16:10:16,,IDPS,    0,10,90,    59,37,    ,
2025-12-05 16:10:18,,IDPS,    0,18,81,    59,37,    ,
2025-12-05 16:10:19,,IDPS,    25,75,0,    59,36,    ,
2025-12-05 16:10:22,,IDPS,    9,27,63,    59,36,    ,
2025-12-05 16:10:24,,IDPS,    0,9,90,    59,37,    ,
2025-12-05 16:10:26,,IDPS,    8,16,75,    59,37,    ,
2025-12-05 16:10:27,,IDPS,    0,16,83,    59,37,    ,
2025-12-05 16:10:29,,IDPS,    0,9,90,    59,37,    ,
2025-12-05 16:10:31,,IDPS,    0,23,76,    59,37,    ,
2025-12-05 16:10:33,,IDPS,    9,0,90,    59,37,    ,
2025-12-05 16:10:34,,IDPS,    0,9,90,    59,37,    ,
2025-12-05 16:10:36,,IDPS,    0,9,90,    59,36,    ,
2025-12-05 16:10:38,,IDPS,    0,9,90,    59,37,    ,
2025-12-05 16:10:40,,IDPS,    0,16,83,    59,37,    ,
2025-12-05 16:10:42,,IDPS,    0,16,83,    59,37,    ,
2025-12-05 16:10:44,,IDPS,    0,9,90,    59,37,    ,
2025-12-05 16:10:45,,IDPS,    0,9,90,    59,37,    ,
2025-12-05 16:10:47,,IDPS,    8,25,66,    59,37,    ,
2025-12-05 16:10:49,,IDPS,    0,9,90,    59,37,    ,
2025-12-05 16:10:51,,IDPS,    0,16,83,    59,37,    ,
2025-12-05 16:10:53,,IDPS,    0,9,90,    59,37,    ,
2025-12-05 16:10:55,,IDPS,    8,8,83,    59,37,    ,
2025-12-05 16:10:56,,IDPS,    0,9,90,    59,37,    ,
2025-12-05 16:10:58,,IDPS,    0,9,90,    59,36,    ,
2025-12-05 16:11:00,,IDPS,    0,9,90,    59,37,    ,
2025-12-05 16:11:02,,IDPS,    9,18,72,    59,36,    ,
2025-12-05 16:11:04,,IDPS,    0,9,90,    59,36,    ,
2025-12-05 16:11:06,,IDPS,    0,9,90,    59,37,    ,
2025-12-05 16:11:08,,IDPS,    0,9,90,    59,36,    ,
2025-12-05 16:11:10,,IDPS,    0,9,90,    59,36,    ,
2025-12-05 16:11:11,,IDPS,    0,10,90,    59,37,    ,
2025-12-05 16:11:13,,IDPS,    0,9,90,    60,36,    ,
2025-12-05 16:11:15,,IDPS,    15,15,69,    59,36,    ,
2025-12-05 16:11:17,,IDPS,    8,8,83,    59,36,    ,
2025-12-05 16:11:19,,IDPS,    0,9,90,    59,36,    ,
2025-12-05 16:11:21,,IDPS,    0,16,83,    59,36,    ,
2025-12-05 16:11:23,,IDPS,    0,18,81,    59,36,    ,
2025-12-05 16:11:25,,IDPS,    54,45,0,    59,36,    ,
2025-12-05 16:11:27,,IDPS,    0,10,90,    59,36,    ,
2025-12-05 16:11:28,,IDPS,    0,9,90,    59,36,    ,
2025-12-05 16:11:30,,IDPS,    0,9,90,    59,36,    ,
2025-12-05 16:11:32,,IDPS,    0,9,90,    59,36,    ,
2025-12-05 16:11:34,,IDPS,    0,9,90,    59,36,    ,
2025-12-05 16:11:36,,IDPS,    9,9,81,    59,36,    ,
2025-12-05 16:11:37,,IDPS,    18,9,72,    59,36,    ,
2025-12-05 16:11:39,,IDPS,    0,9,90,    59,36,    ,
2025-12-05 16:11:41,,IDPS,    10,0,90,    59,36,    ,
2025-12-05 16:11:43,,IDPS,    0,16,83,    59,36,    ,
2025-12-05 16:11:45,,IDPS,    9,9,72,    59,36,    ,
2025-12-05 16:11:46,,IDPS,    0,9,90,    59,36,    ,
2025-12-05 16:11:48,,IDPS,    0,9,90,    59,36,    ,
2025-12-05 16:11:50,,IDPS,    0,18,81,    59,36,    ,
2025-12-05 16:11:52,,IDPS,    0,9,90,    59,36,    ,
2025-12-05 16:11:54,,IDPS,    18,63,18,    59,36,    ,
2025-12-05 16:11:56,,IDPS,    0,16,83,    59,36,    ,
2025-12-05 16:11:58,,IDPS,    0,18,81,    59,36,    ,
2025-12-05 16:11:59,,IDPS,    0,9,90,    59,36,    ,
2025-12-05 16:12:01,,IDPS,    0,10,90,    59,36,    ,
2025-12-05 16:12:03,,IDPS,    0,18,81,    59,36,    ,
2025-12-05 16:12:05,,IDPS,    50,50,0,    68,27,    ,
2025-12-05 16:12:07,,IDPS,    72,27,0,    75,20,    ,
2025-12-05 16:12:09,,IDPS,    16,83,0,    59,35,    ,
2025-12-05 16:12:11,,IDPS,    7,30,61,    60,34,    ,
2025-12-05 16:12:13,,IDPS,    36,63,0,    60,34,    ,
2025-12-05 16:12:15,,IDPS,    54,45,0,    60,34,    ,
2025-12-05 16:12:17,,IDPS,    0,9,90,    59,35,    ,
2025-12-05 16:12:19,,IDPS,    0,10,90,    59,35,    ,
2025-12-05 16:12:21,,IDPS,    0,9,90,    59,35,    ,
2025-12-05 16:12:23,,IDPS,    9,0,90,    59,35,    ,
2025-12-05 16:12:25,,IDPS,    0,9,90,    59,35,    ,
2025-12-05 16:12:26,,IDPS,    0,9,90,    59,35,    ,
2025-12-05 16:12:28,,IDPS,    0,16,83,    59,35,    ,
2025-12-05 16:12:30,,IDPS,    0,16,83,    59,35,    ,
2025-12-05 16:12:32,,IDPS,    0,10,90,    59,35,    ,
2025-12-05 16:12:33,,IDPS,    0,9,90,    59,35,    ,
2025-12-05 16:12:35,,IDPS,    0,9,90,    59,35,    ,
2025-12-05 16:12:37,,IDPS,    0,10,90,    59,35,    ,
2025-12-05 16:12:39,,IDPS,    0,10,90,    59,35,    ,
2025-12-05 16:12:41,,IDPS,    0,9,90,    59,35,    ,
2025-12-05 16:12:43,,IDPS,    18,27,54,    59,35,    ,
2025-12-05 16:12:45,,IDPS,    0,16,83,    59,35,    ,
2025-12-05 16:12:47,,IDPS,    0,9,90,    59,35,    ,
2025-12-05 16:12:48,,IDPS,    0,9,90,    59,35,    ,
2025-12-05 16:12:50,,IDPS,    0,9,90,    60,34,    ,
2025-12-05 16:12:52,,IDPS,    0,9,90,    59,35,    ,
2025-12-05 16:12:54,,IDPS,    9,0,90,    59,34,    ,
2025-12-05 16:12:56,,IDPS,    9,0,90,    59,35,    ,
2025-12-05 16:12:58,,IDPS,    10,0,90,    59,35,    ,
2025-12-05 16:13:00,,IDPS,    0,16,83,    59,35,    ,
2025-12-05 16:13:01,,IDPS,    50,50,0,    60,34,    ,
2025-12-05 16:13:04,,IDPS,    0,18,81,    59,35,    ,
2025-12-05 16:13:05,,IDPS,    0,9,90,    59,35,    ,
2025-12-05 16:13:07,,IDPS,    8,16,75,    59,35,    ,
2025-12-05 16:13:09,,IDPS,    0,9,90,    59,35,    ,
2025-12-05 16:13:11,,IDPS,    0,16,83,    59,34,    ,
2025-12-05 16:13:13,,IDPS,    28,71,0,    59,35,    ,
2025-12-05 16:13:15,,IDPS,    0,18,81,    59,35,    ,
2025-12-05 16:13:16,,IDPS,    0,9,90,    59,35,    ,
2025-12-05 16:13:18,,IDPS,    0,9,90,    59,35,    ,
2025-12-05 16:13:20,,IDPS,    8,16,75,    59,35,    ,
2025-12-05 16:13:22,,IDPS,    0,9,90,    59,34,    ,
2025-12-05 16:13:23,,IDPS,    50,50,0,    59,35,    ,
2025-12-05 16:13:25,,IDPS,    0,23,76,    59,34,    ,
2025-12-05 16:13:27,,IDPS,    0,10,90,    59,35,    ,
2025-12-05 16:13:29,,IDPS,    0,9,90,    59,34,    ,
2025-12-05 16:13:31,,IDPS,    0,9,90,    59,35,    ,
2025-12-05 16:13:33,,IDPS,    0,18,81,    59,34,    ,
2025-12-05 16:13:34,,IDPS,    0,9,90,    59,35,    ,
2025-12-05 16:13:36,,IDPS,    9,0,90,    59,34,    ,
2025-12-05 16:13:38,,IDPS,    8,25,66,    59,34,    ,
2025-12-05 16:13:40,,IDPS,    9,0,90,    59,34,    ,
2025-12-05 16:13:41,,IDPS,    0,9,90,    59,34,    ,
2025-12-05 16:13:43,,IDPS,    9,0,90,    59,34,    ,
2025-12-05 16:13:45,,IDPS,    0,9,90,    59,34,    ,
2025-12-05 16:13:47,,IDPS,    0,9,90,    59,34,    ,
2025-12-05 16:13:49,,IDPS,    0,23,76,    59,34,    ,
2025-12-05 16:13:50,,IDPS,    0,10,90,    59,34,    ,
2025-12-05 16:13:52,,IDPS,    0,9,90,    59,34,    ,
2025-12-05 16:13:54,,IDPS,    9,0,90,    59,34,    ,
2025-12-05 16:13:56,,IDPS,    0,9,90,    59,34,    ,
2025-12-05 16:13:58,,IDPS,    0,30,69,    59,34,    ,
2025-12-05 16:14:00,,IDPS,    0,10,90,    59,34,    ,
2025-12-05 16:14:01,,IDPS,    0,9,90,    59,34,    ,
2025-12-05 16:14:03,,IDPS,    0,11,88,    59,34,    ,
2025-12-05 16:14:05,,IDPS,    0,9,90,    59,34,    ,
2025-12-05 16:14:07,,IDPS,    0,9,90,    59,34,    ,
2025-12-05 16:14:09,,IDPS,    9,0,90,    59,34,    ,
2025-12-05 16:14:11,,IDPS,    0,9,90,    59,34,    ,
2025-12-05 16:14:13,,IDPS,    8,8,83,    59,34,    ,
2025-12-05 16:14:14,,IDPS,    0,16,83,    59,34,    ,
2025-12-05 16:14:16,,IDPS,    0,18,81,    59,34,    ,
2025-12-05 16:14:18,,IDPS,    0,38,61,    59,34,    ,
2025-12-05 16:14:20,,IDPS,    0,9,90,    59,34,    ,
2025-12-05 16:14:22,,IDPS,    9,0,90,    59,34,    ,
2025-12-05 16:14:23,,IDPS,    0,9,90,    59,34,    ,
2025-12-05 16:14:25,,IDPS,    0,10,90,    59,34,    ,
2025-12-05 16:14:27,,IDPS,    0,0,100,    60,34,    ,
2025-12-05 16:14:29,,IDPS,    27,18,54,    59,34,    ,
2025-12-05 16:14:31,,IDPS,    0,10,90,    59,34,    ,
2025-12-05 16:14:33,,IDPS,    0,9,90,    59,34,    ,
2025-12-05 16:14:35,,IDPS,    8,8,83,    59,34,    ,
2025-12-05 16:14:37,,IDPS,    9,9,81,    59,34,    ,
2025-12-05 16:14:38,,IDPS,    25,50,25,    60,34,    ,
2025-12-05 16:14:41,,IDPS,    0,9,90,    59,34,    ,
2025-12-05 16:14:42,,IDPS,    0,9,90,    59,34,    ,
2025-12-05 16:14:44,,IDPS,    0,0,100,    59,34,    ,
2025-12-05 16:14:46,,IDPS,    9,9,81,    59,34,    ,
2025-12-05 16:14:48,,IDPS,    0,10,90,    59,34,    ,
2025-12-05 16:14:50,,IDPS,    41,58,0,    60,34,    ,
2025-12-05 16:14:52,,IDPS,    9,0,90,    59,34,    ,
2025-12-05 16:14:53,,IDPS,    0,9,90,    59,34,    ,
2025-12-05 16:14:55,,IDPS,    9,0,90,    59,34,    ,
2025-12-05 16:14:57,,IDPS,    0,9,90,    59,34,    ,
2025-12-05 16:14:59,,IDPS,    0,10,90,    59,34,    ,
2025-12-05 16:15:01,,IDPS,    27,18,54,    59,34,    ,
2025-12-05 16:15:03,,IDPS,    0,9,90,    59,34,    ,
2025-12-05 16:15:04,,IDPS,    0,9,90,    59,34,    ,
2025-12-05 16:15:06,,IDPS,    9,0,90,    59,34,    ,
2025-12-05 16:15:08,,IDPS,    0,9,90,    59,34,    ,
2025-12-05 16:15:10,,IDPS,    8,8,83,    59,34,    ,
2025-12-05 16:15:12,,IDPS,    0,18,81,    59,34,    ,
2025-12-05 16:15:13,,IDPS,    10,0,90,    59,34,    ,
2025-12-05 16:15:15,,IDPS,    0,18,81,    59,34,    ,
2025-12-05 16:15:17,,IDPS,    0,16,83,    59,34,    ,
2025-12-05 16:15:19,,IDPS,    0,9,90,    59,34,    ,
2025-12-05 16:15:21,,IDPS,    0,9,90,    59,34,    ,
2025-12-05 16:15:22,,IDPS,    0,9,90,    59,34,    ,
2025-12-05 16:15:24,,IDPS,    0,16,83,    59,34,    ,
2025-12-05 16:15:26,,IDPS,    0,18,81,    59,34,    ,
2025-12-05 16:15:28,,IDPS,    10,0,90,    59,34,    ,
2025-12-05 16:15:30,,IDPS,    0,9,90,    59,34,    ,
2025-12-05 16:15:31,,IDPS,    0,9,90,    59,34,    ,
2025-12-05 16:15:33,,IDPS,    9,0,90,    59,34,    ,
2025-12-05 16:15:35,,IDPS,    0,10,90,    59,34,    ,
2025-12-05 16:15:37,,IDPS,    0,10,80,    59,34,    ,
2025-12-05 16:15:39,,IDPS,    0,9,90,    59,34,    ,
2025-12-05 16:15:41,,IDPS,    0,9,90,    59,34,    ,
2025-12-05 16:15:42,,IDPS,    0,10,90,    60,34,    ,
2025-12-05 16:15:45,,IDPS,    0,16,83,    59,34,    ,
2025-12-05 16:15:47,,IDPS,    0,10,90,    59,34,    ,
2025-12-05 16:15:49,,IDPS,    9,0,90,    59,34,    ,
2025-12-05 16:15:50,,IDPS,    0,40,60,    59,34,    ,
2025-12-05 16:15:52,,IDPS,    0,18,81,    59,34,    ,
2025-12-05 16:15:54,,IDPS,    45,54,0,    60,34,    ,
2025-12-05 16:15:56,,IDPS,    15,15,69,    59,34,    ,
2025-12-05 16:15:58,,IDPS,    0,9,90,    59,34,    ,
2025-12-05 16:16:00,,IDPS,    0,9,90,    59,34,    ,
2025-12-05 16:16:01,,IDPS,    0,9,90,    59,34,    ,
2025-12-05 16:16:03,,IDPS,    0,9,90,    59,34,    ,
2025-12-05 16:16:05,,IDPS,    33,66,0,    59,34,    ,
2025-12-05 16:16:07,,IDPS,    0,9,90,    59,34,    ,
2025-12-05 16:16:09,,IDPS,    8,33,58,    59,34,    ,
2025-12-05 16:16:11,,IDPS,    0,45,54,    59,34,    ,
2025-12-05 16:16:13,,IDPS,    10,0,90,    59,34,    ,
2025-12-05 16:16:14,,IDPS,    0,9,90,    59,34,    ,
2025-12-05 16:16:16,,IDPS,    20,70,10,    59,34,    ,
2025-12-05 16:16:18,,IDPS,    8,8,83,    59,34,    ,
2025-12-05 16:16:20,,IDPS,    0,9,90,    59,34,    ,
2025-12-05 16:16:21,,IDPS,    0,9,90,    59,34,    ,
2025-12-05 16:16:23,,IDPS,    7,38,53,    59,34,    ,
2025-12-05 16:16:25,,IDPS,    0,9,90,    59,34,    ,
2025-12-05 16:16:27,,IDPS,    0,9,90,    59,34,    ,
2025-12-05 16:16:29,,IDPS,    0,25,75,    59,34,    ,
2025-12-05 16:16:31,,IDPS,    8,8,83,    59,34,    ,
2025-12-05 16:16:33,,IDPS,    0,9,72,    59,34,    ,
2025-12-05 16:16:34,,IDPS,    0,9,90,    59,34,    ,
2025-12-05 16:16:36,,IDPS,    0,9,90,    59,34,    ,
2025-12-05 16:16:38,,IDPS,    9,0,90,    59,34,    ,
2025-12-05 16:16:40,,IDPS,    0,18,81,    59,34,    ,
2025-12-05 16:16:42,,IDPS,    0,9,90,    59,34,    ,
2025-12-05 16:16:44,,IDPS,    9,0,90,    59,34,    ,
2025-12-05 16:16:45,,IDPS,    0,9,90,    59,34,    ,
2025-12-05 16:16:47,,IDPS,    0,9,90,    59,34,    ,
2025-12-05 16:16:49,,IDPS,    0,9,90,    59,34,    ,
2025-12-05 16:16:51,,IDPS,    8,16,75,    59,34,    ,
2025-12-05 16:16:53,,IDPS,    0,9,90,    59,34,    ,
2025-12-05 16:16:55,,IDPS,    0,9,90,    59,34,    ,
2025-12-05 16:16:57,,IDPS,    0,10,90,    59,34,    ,
2025-12-05 16:16:59,,IDPS,    36,63,0,    60,33,    ,
2025-12-05 16:17:01,,IDPS,    0,10,90,    59,34,    ,
2025-12-05 16:17:02,,IDPS,    0,0,100,    59,34,    ,
2025-12-05 16:17:04,,IDPS,    0,9,90,    59,34,    ,
2025-12-05 16:17:06,,IDPS,    0,16,83,    59,34,    ,
2025-12-05 16:17:08,,IDPS,    0,10,90,    59,34,    ,
2025-12-05 16:17:10,,IDPS,    38,61,0,    59,34,    ,
2025-12-05 16:17:12,,IDPS,    9,0,90,    59,34,    ,
2025-12-05 16:17:13,,IDPS,    0,9,90,    59,34,    ,
2025-12-05 16:17:15,,IDPS,    0,18,81,    59,34,    ,
2025-12-05 16:17:17,,IDPS,    0,9,90,    59,34,    ,
2025-12-05 16:17:19,,IDPS,    27,0,72,    59,34,    ,
2025-12-05 16:17:21,,IDPS,    0,20,80,    59,34,    ,
2025-12-05 16:17:22,,IDPS,    0,9,90,    59,34,    ,
2025-12-05 16:17:24,,IDPS,    0,16,83,    59,34,    ,
2025-12-05 16:17:26,,IDPS,    0,9,90,    59,34,    ,
2025-12-05 16:17:28,,IDPS,    0,9,90,    60,34,    ,
2025-12-05 16:17:30,,IDPS,    9,0,90,    59,34,    ,
2025-12-05 16:17:31,,IDPS,    0,36,63,    59,34,    ,
2025-12-05 16:17:33,,IDPS,    0,9,90,    59,34,    ,
2025-12-05 16:17:35,,IDPS,    0,9,90,    59,34,    ,
2025-12-05 16:17:37,,IDPS,    0,10,90,    59,34,    ,
2025-12-05 16:17:39,,IDPS,    0,9,90,    59,34,    ,
2025-12-05 16:17:40,,IDPS,    0,9,90,    59,34,    ,
2025-12-05 16:17:42,,IDPS,    0,9,90,    59,34,    ,
2025-12-05 16:17:44,,IDPS,    0,9,90,    59,34,    ,
2025-12-05 16:17:46,,IDPS,    9,9,81,    59,34,    ,
2025-12-05 16:17:48,,IDPS,    9,0,90,    59,34,    ,
2025-12-05 16:17:50,,IDPS,    0,18,72,    59,34,    ,
2025-12-05 16:17:51,,IDPS,    0,10,90,    60,33,    ,
2025-12-05 16:17:54,,IDPS,    0,9,90,    59,34,    ,
2025-12-05 16:17:56,,IDPS,    0,10,90,    59,34,    ,
2025-12-05 16:17:57,,IDPS,    0,9,90,    59,34,    ,
2025-12-05 16:17:59,,IDPS,    0,16,83,    60,33,    ,
2025-12-05 16:18:01,,IDPS,    7,15,76,    59,34,    ,
2025-12-05 16:18:03,,IDPS,    50,50,0,    60,33,    ,
2025-12-05 16:18:05,,IDPS,    9,0,90,    59,34,    ,
2025-12-05 16:18:07,,IDPS,    0,9,90,    59,34,    ,
2025-12-05 16:18:08,,IDPS,    0,9,90,    59,34,    ,
2025-12-05 16:18:10,,IDPS,    7,15,76,    59,34,    ,
2025-12-05 16:18:12,,IDPS,    0,9,90,    59,34,    ,
2025-12-05 16:18:14,,IDPS,    41,58,0,    60,33,    ,
2025-12-05 16:18:16,,IDPS,    9,0,90,    59,34,    ,
2025-12-05 16:18:18,,IDPS,    0,18,81,    59,34,    ,
2025-12-05 16:18:20,,IDPS,    0,9,90,    59,34,    ,
2025-12-05 16:18:22,,IDPS,    0,9,90,    59,34,    ,
2025-12-05 16:18:24,,IDPS,    0,9,90,    59,34,    ,
2025-12-05 16:18:25,,IDPS,    41,58,0,    59,34,    ,
2025-12-05 16:18:27,,IDPS,    0,10,90,    59,34,    ,
2025-12-05 16:18:29,,IDPS,    27,72,0,    59,34,    ,
2025-12-05 16:18:31,,IDPS,    0,9,90,    59,34,    ,
2025-12-05 16:18:33,,IDPS,    0,16,83,    59,34,    ,
2025-12-05 16:18:34,,IDPS,    0,9,90,    59,34,    ,
2025-12-05 16:18:36,,IDPS,    9,18,72,    59,34,    ,
2025-12-05 16:18:38,,IDPS,    0,9,90,    59,34,    ,
2025-12-05 16:18:40,,IDPS,    0,9,90,    59,34,    ,
2025-12-05 16:18:42,,IDPS,    9,9,81,    59,34,    ,
2025-12-05 16:18:43,,IDPS,    0,9,90,    59,33,    ,
2025-12-05 16:18:45,,IDPS,    8,16,75,    59,34,    ,
2025-12-05 16:18:47,,IDPS,    0,9,90,    59,33,    ,
2025-12-05 16:18:49,,IDPS,    0,9,90,    59,34,    ,
2025-12-05 16:18:51,,IDPS,    0,10,90,    60,33,    ,
2025-12-05 16:18:52,,IDPS,    10,0,90,    59,34,    ,
2025-12-05 16:18:54,,IDPS,    0,9,90,    59,33,    ,
2025-12-05 16:18:56,,IDPS,    0,10,90,    59,33,    ,
2025-12-05 16:18:58,,IDPS,    0,9,90,    59,34,    ,
2025-12-05 16:19:00,,IDPS,    8,8,83,    59,34,    ,
2025-12-05 16:19:02,,IDPS,    0,9,90,    59,34,    ,
2025-12-05 16:19:03,,IDPS,    0,10,90,    59,33,    ,
2025-12-05 16:19:05,,IDPS,    0,16,83,    59,34,    ,
2025-12-05 16:19:07,,IDPS,    0,10,90,    59,33,    ,
2025-12-05 16:19:09,,IDPS,    0,9,90,    59,34,    ,
2025-12-05 16:19:11,,IDPS,    0,10,80,    59,33,    ,
2025-12-05 16:19:12,,IDPS,    0,9,90,    59,33,    ,
2025-12-05 16:19:14,,IDPS,    0,9,90,    59,33,    ,
2025-12-05 16:19:16,,IDPS,    0,10,90,    59,33,    ,
2025-12-05 16:19:18,,IDPS,    0,18,81,    60,33,    ,
2025-12-05 16:19:20,,IDPS,    0,9,90,    59,33,    ,
2025-12-05 16:19:22,,IDPS,    0,9,90,    59,33,    ,
2025-12-05 16:19:23,,IDPS,    9,0,90,    59,33,    ,
2025-12-05 16:19:25,,IDPS,    0,9,90,    59,33,    ,
2025-12-05 16:19:27,,IDPS,    0,9,90,    59,33,    ,
2025-12-05 16:19:29,,IDPS,    8,16,75,    60,33,    ,
2025-12-05 16:19:31,,IDPS,    0,9,90,    59,33,    ,
2025-12-05 16:19:33,,IDPS,    7,15,76,    59,33,    ,
2025-12-05 16:19:35,,IDPS,    0,9,90,    59,33,    ,
2025-12-05 16:19:37,,IDPS,    0,0,100,    59,33,    ,
2025-12-05 16:19:38,,IDPS,    9,9,81,    59,33,    ,
2025-12-05 16:19:40,,IDPS,    7,38,53,    60,33,    ,
2025-12-05 16:19:42,,IDPS,    0,10,90,    59,33,    ,
2025-12-05 16:19:44,,IDPS,    0,9,90,    59,33,    ,
2025-12-05 16:19:46,,IDPS,    0,9,90,    59,33,    ,
2025-12-05 16:19:48,,IDPS,    0,23,76,    59,33,    ,
2025-12-05 16:19:50,,IDPS,    0,18,81,    59,33,    ,
2025-12-05 16:19:51,,IDPS,    0,9,90,    60,33,    ,
2025-12-05 16:19:54,,IDPS,    0,9,90,    59,33,    ,
2025-12-05 16:19:56,,IDPS,    0,18,81,    59,33,    ,
2025-12-05 16:19:57,,IDPS,    0,9,90,    59,33,    ,
2025-12-05 16:19:59,,IDPS,    0,9,90,    59,33,    ,
2025-12-05 16:20:01,,IDPS,    0,9,90,    59,33,    ,
2025-12-05 16:20:03,,IDPS,    30,30,40,    60,33,    ,
2025-12-05 16:20:05,,IDPS,    0,9,90,    59,33,    ,
2025-12-05 16:20:07,,IDPS,    0,25,75,    59,33,    ,
2025-12-05 16:20:09,,IDPS,    7,15,76,    59,33,    ,
2025-12-05 16:20:10,,IDPS,    8,25,66,    59,33,    ,
2025-12-05 16:20:12,,IDPS,    0,9,90,    59,33,    ,
2025-12-05 16:20:14,,IDPS,    58,41,0,    60,33,    ,
2025-12-05 16:20:16,,IDPS,    0,16,83,    59,33,    ,
2025-12-05 16:20:18,,IDPS,    0,9,90,    60,33,    ,
2025-12-05 16:20:20,,IDPS,    0,10,90,    59,33,    ,
2025-12-05 16:20:22,,IDPS,    0,9,81,    59,33,    ,
2025-12-05 16:20:23,,IDPS,    0,9,90,    59,33,    ,
2025-12-05 16:20:25,,IDPS,    16,83,0,    60,33,    ,
2025-12-05 16:20:27,,IDPS,    0,10,90,    59,33,    ,
2025-12-05 16:20:29,,IDPS,    9,0,90,    59,33,    ,
2025-12-05 16:20:31,,IDPS,    0,16,83,    59,33,    ,
2025-12-05 16:20:33,,IDPS,    8,8,83,    59,33,    ,
2025-12-05 16:20:34,,IDPS,    0,11,88,    59,33,    ,
2025-12-05 16:20:36,,IDPS,    33,66,0,    60,33,    ,
2025-12-05 16:20:38,,IDPS,    0,9,90,    59,33,    ,
2025-12-05 16:20:40,,IDPS,    0,30,70,    59,33,    ,
2025-12-05 16:20:42,,IDPS,    0,10,90,    59,33,    ,
2025-12-05 16:20:44,,IDPS,    0,18,81,    59,33,    ,
2025-12-05 16:20:45,,IDPS,    0,9,90,    59,33,    ,
2025-12-05 16:20:47,,IDPS,    16,83,0,    60,33,    ,
2025-12-05 16:20:49,,IDPS,    0,9,90,    59,33,    ,
2025-12-05 16:20:51,,IDPS,    0,9,90,    59,33,    ,
2025-12-05 16:20:53,,IDPS,    0,9,90,    59,33,    ,
2025-12-05 16:20:55,,IDPS,    0,9,90,    59,33,    ,
2025-12-05 16:20:56,,IDPS,    0,9,90,    59,33,    ,
2025-12-05 16:20:58,,IDPS,    0,10,90,    59,33,    ,
2025-12-05 16:21:00,,IDPS,    0,9,90,    59,33,    ,
2025-12-05 16:21:02,,IDPS,    0,27,72,    60,33,    ,
2025-12-05 16:21:04,,IDPS,    0,10,90,    59,33,    ,
2025-12-05 16:21:06,,IDPS,    0,16,83,    59,33,    ,
2025-12-05 16:21:08,,IDPS,    0,16,83,    59,33,    ,
2025-12-05 16:21:10,,IDPS,    0,9,90,    59,33,    ,
2025-12-05 16:21:11,,IDPS,    0,9,81,    59,33,    ,
2025-12-05 16:21:13,,IDPS,    9,0,90,    59,33,    ,
2025-12-05 16:21:15,,IDPS,    0,16,83,    59,33,    ,
2025-12-05 16:21:17,,IDPS,    0,9,90,    59,33,    ,
2025-12-05 16:21:19,,IDPS,    8,8,83,    59,33,    ,
2025-12-05 16:21:21,,IDPS,    0,18,81,    59,33,    ,
2025-12-05 16:21:22,,IDPS,    0,9,90,    59,33,    ,
2025-12-05 16:21:24,,IDPS,    27,18,54,    59,33,    ,
2025-12-05 16:21:26,,IDPS,    0,9,90,    59,33,    ,
2025-12-05 16:21:28,,IDPS,    0,0,100,    59,33,    ,
2025-12-05 16:21:30,,IDPS,    0,9,90,    60,33,    ,
2025-12-05 16:21:32,,IDPS,    0,9,90,    59,33,    ,
2025-12-05 16:21:34,,IDPS,    0,16,83,    59,33,    ,
2025-12-05 16:21:36,,IDPS,    0,16,83,    59,33,    ,
2025-12-05 16:21:38,,IDPS,    0,9,90,    60,33,    ,
2025-12-05 16:21:39,,IDPS,    0,10,90,    59,33,    ,
2025-12-05 16:21:41,,IDPS,    0,16,83,    60,33,    ,
2025-12-05 16:21:43,,IDPS,    0,9,90,    59,33,    ,
2025-12-05 16:21:45,,IDPS,    0,9,90,    59,33,    ,
2025-12-05 16:21:47,,IDPS,    0,9,90,    59,33,    ,
2025-12-05 16:21:49,,IDPS,    0,18,81,    59,33,    ,
2025-12-05 16:21:50,,IDPS,    0,9,90,    59,33,    ,
2025-12-05 16:21:52,,IDPS,    0,9,90,    60,32,    ,
2025-12-05 16:21:55,,IDPS,    0,18,81,    59,33,    ,
2025-12-05 16:21:56,,IDPS,    9,0,90,    59,33,    ,
2025-12-05 16:21:58,,IDPS,    0,9,90,    59,33,    ,
2025-12-05 16:22:00,,IDPS,    0,10,90,    59,33,    ,
2025-12-05 16:22:02,,IDPS,    18,18,54,    59,33,    ,
2025-12-05 16:22:04,,IDPS,    27,72,0,    60,32,    ,
2025-12-05 16:22:06,,IDPS,    0,9,90,    60,33,    ,
2025-12-05 16:22:07,,IDPS,    0,10,80,    59,33,    ,
2025-12-05 16:22:09,,IDPS,    0,18,81,    60,33,    ,
2025-12-05 16:22:11,,IDPS,    0,16,83,    59,33,    ,
2025-12-05 16:22:13,,IDPS,    0,9,90,    59,33,    ,
2025-12-05 16:22:15,,IDPS,    45,54,0,    60,33,    ,
2025-12-05 16:22:17,,IDPS,    83,16,0,    68,24,    ,
2025-12-05 16:22:19,,IDPS,    72,27,0,    74,18,    ,
2025-12-05 16:22:21,,IDPS,    41,58,0,    60,34,    ,
2025-12-05 16:22:23,,IDPS,    0,23,76,    60,34,    ,
2025-12-05 16:22:25,,IDPS,    45,54,0,    60,33,    ,
2025-12-05 16:22:27,,IDPS,    58,41,0,    60,31,    ,
2025-12-05 16:22:29,,IDPS,    0,9,90,    60,31,    ,
2025-12-05 16:22:31,,IDPS,    0,16,83,    59,31,    ,
2025-12-05 16:22:33,,IDPS,    0,9,90,    59,31,    ,
2025-12-05 16:22:35,,IDPS,    9,36,54,    59,31,    ,
2025-12-05 16:22:37,,IDPS,    25,75,0,    60,31,    ,
2025-12-05 16:22:39,,IDPS,    8,8,83,    59,31,    ,
2025-12-05 16:22:41,,IDPS,    8,16,75,    59,31,    ,
2025-12-05 16:22:43,,IDPS,    0,9,81,    59,31,    ,
2025-12-05 16:22:44,,IDPS,    0,9,90,    60,31,    ,
2025-12-05 16:22:46,,IDPS,    9,0,90,    59,31,    ,
2025-12-05 16:22:48,,IDPS,    45,54,0,    60,31,    ,
2025-12-05 16:22:50,,IDPS,    0,9,90,    59,31,    ,
2025-12-05 16:22:52,,IDPS,    0,10,90,    60,31,    ,
2025-12-05 16:22:54,,IDPS,    9,0,90,    60,31,    ,
2025-12-05 16:22:56,,IDPS,    7,15,76,    59,31,    ,
2025-12-05 16:22:57,,IDPS,    0,9,90,    60,31,    ,
2025-12-05 16:22:59,,IDPS,    9,27,63,    60,31,    ,
2025-12-05 16:23:01,,IDPS,    9,0,90,    59,31,    ,
2025-12-05 16:23:03,,IDPS,    0,9,90,    59,31,    ,
2025-12-05 16:23:04,,IDPS,    0,9,90,    59,31,    ,
2025-12-05 16:23:06,,IDPS,    0,9,90,    59,31,    ,
2025-12-05 16:23:08,,IDPS,    0,9,90,    59,31,    ,
2025-12-05 16:23:10,,IDPS,    0,9,90,    60,31,    ,
2025-12-05 16:23:12,,IDPS,    0,9,90,    60,31,    ,
2025-12-05 16:23:14,,IDPS,    0,9,90,    60,31,    ,
2025-12-05 16:23:15,,IDPS,    0,9,90,    60,31,    ,
2025-12-05 16:23:17,,IDPS,    0,9,90,    60,31,    ,
2025-12-05 16:23:19,,IDPS,    0,9,90,    60,31,    ,
2025-12-05 16:23:21,,IDPS,    0,20,80,    59,31,    ,
2025-12-05 16:23:23,,IDPS,    0,18,81,    60,31,    ,
2025-12-05 16:23:24,,IDPS,    0,9,90,    59,31,    ,
2025-12-05 16:23:26,,IDPS,    0,9,90,    59,31,    ,
2025-12-05 16:23:28,,IDPS,    0,9,90,    60,31,    ,
2025-12-05 16:23:30,,IDPS,    0,9,90,    59,31,    ,
2025-12-05 16:23:32,,IDPS,    0,0,100,    60,31,    ,
2025-12-05 16:23:34,,IDPS,    0,10,90,    60,31,    ,
2025-12-05 16:23:35,,IDPS,    0,9,90,    60,31,    ,
2025-12-05 16:23:38,,IDPS,    8,8,83,    60,31,    ,
2025-12-05 16:23:39,,IDPS,    0,9,90,    59,31,    ,
2025-12-05 16:23:41,,IDPS,    0,9,90,    60,31,    ,
2025-12-05 16:23:43,,IDPS,    0,9,90,    60,31,    ,
2025-12-05 16:23:45,,IDPS,    0,9,90,    59,31,    ,
2025-12-05 16:23:47,,IDPS,    0,27,72,    60,31,    ,
2025-12-05 16:23:49,,IDPS,    0,9,81,    60,31,    ,
2025-12-05 16:23:50,,IDPS,    0,10,90,    60,31,    ,
2025-12-05 16:23:52,,IDPS,    18,54,27,    60,31,    ,
2025-12-05 16:23:54,,IDPS,    0,9,90,    59,31,    ,
2025-12-05 16:23:56,,IDPS,    10,0,90,    60,31,    ,
2025-12-05 16:23:58,,IDPS,    0,10,90,    60,31,    ,
2025-12-05 16:24:00,,IDPS,    0,9,90,    60,31,    ,
2025-12-05 16:24:02,,IDPS,    0,9,90,    60,31,    ,
2025-12-05 16:24:03,,IDPS,    41,58,0,    60,31,    ,
2025-12-05 16:24:06,,IDPS,    0,9,90,    60,31,    ,
2025-12-05 16:24:08,,IDPS,    0,18,81,    60,31,    ,
2025-12-05 16:24:09,,IDPS,    0,9,90,    60,31,    ,
2025-12-05 16:24:11,,IDPS,    0,9,90,    59,31,    ,
2025-12-05 16:24:13,,IDPS,    0,9,90,    59,31,    ,
2025-12-05 16:24:15,,IDPS,    20,0,80,    60,31,    ,
2025-12-05 16:24:17,,IDPS,    15,7,76,    60,31,    ,
2025-12-05 16:24:18,,IDPS,    0,10,90,    59,31,    ,
2025-12-05 16:24:20,,IDPS,    9,0,90,    60,31,    ,
2025-12-05 16:24:22,,IDPS,    7,15,76,    59,31,    ,
2025-12-05 16:24:24,,IDPS,    0,9,90,    59,31,    ,
2025-12-05 16:24:26,,IDPS,    0,18,81,    60,31,    ,
2025-12-05 16:24:27,,IDPS,    0,9,90,    60,31,    ,
2025-12-05 16:24:29,,IDPS,    0,16,83,    60,31,    ,
2025-12-05 16:24:31,,IDPS,    0,10,90,    60,31,    ,
2025-12-05 16:24:33,,IDPS,    0,9,90,    60,31,    ,
2025-12-05 16:24:35,,IDPS,    0,10,90,    60,31,    ,
2025-12-05 16:24:37,,IDPS,    8,8,83,    60,31,    ,
2025-12-05 16:24:38,,IDPS,    0,9,90,    60,31,    ,
2025-12-05 16:24:40,,IDPS,    0,18,81,    59,31,    ,
2025-12-05 16:24:42,,IDPS,    0,9,90,    59,31,    ,
2025-12-05 16:24:44,,IDPS,    0,10,90,    60,31,    ,
2025-12-05 16:24:46,,IDPS,    0,16,83,    60,30,    ,
2025-12-05 16:24:48,,IDPS,    0,9,90,    60,31,    ,
2025-12-05 16:24:50,,IDPS,    0,10,80,    60,31,    ,
2025-12-05 16:24:52,,IDPS,    0,18,81,    60,31,    ,
2025-12-05 16:24:54,,IDPS,    0,9,90,    60,31,    ,
2025-12-05 16:24:55,,IDPS,    0,27,72,    60,31,    ,
2025-12-05 16:24:57,,IDPS,    8,8,83,    60,30,    ,
2025-12-05 16:24:59,,IDPS,    0,9,90,    60,31,    ,
2025-12-05 16:25:01,,IDPS,    0,9,90,    60,31,    ,
2025-12-05 16:25:03,,IDPS,    0,9,90,    60,31,    ,
2025-12-05 16:25:05,,IDPS,    0,9,90,    60,31,    ,
2025-12-05 16:25:06,,IDPS,    0,9,90,    59,31,    ,
2025-12-05 16:25:08,,IDPS,    30,61,7,    60,30,    ,
2025-12-05 16:25:11,,IDPS,    7,30,61,    60,31,    ,
2025-12-05 16:25:12,,IDPS,    0,9,90,    60,31,    ,
2025-12-05 16:25:14,,IDPS,    8,8,83,    60,31,    ,
2025-12-05 16:25:16,,IDPS,    0,9,90,    60,31,    ,
2025-12-05 16:25:18,,IDPS,    0,9,90,    60,31,    ,
2025-12-05 16:25:20,,IDPS,    36,45,18,    60,31,    ,
2025-12-05 16:25:21,,IDPS,    0,9,90,    60,31,    ,
2025-12-05 16:25:23,,IDPS,    9,0,90,    60,31,    ,
2025-12-05 16:25:25,,IDPS,    0,9,90,    60,31,    ,
2025-12-05 16:25:27,,IDPS,    0,16,83,    60,31,    ,
2025-12-05 16:25:29,,IDPS,    0,9,90,    60,31,    ,
2025-12-05 16:25:30,,IDPS,    0,9,90,    60,31,    ,
2025-12-05 16:25:32,,IDPS,    25,33,41,    60,31,    ,
2025-12-05 16:25:34,,IDPS,    0,9,90,    60,31,    ,
2025-12-05 16:25:36,,IDPS,    0,9,90,    60,31,    ,
2025-12-05 16:25:38,,IDPS,    0,10,90,    60,31,    ,
2025-12-05 16:25:40,,IDPS,    10,10,70,    60,31,    ,
2025-12-05 16:25:42,,IDPS,    0,18,81,    60,31,    ,
2025-12-05 16:25:43,,IDPS,    9,0,90,    60,31,    ,
2025-12-05 16:25:45,,IDPS,    0,9,90,    60,31,    ,
2025-12-05 16:25:47,,IDPS,    0,10,90,    60,31,    ,
2025-12-05 16:25:49,,IDPS,    0,10,90,    60,31,    ,
2025-12-05 16:25:51,,IDPS,    9,9,72,    60,31,    ,
2025-12-05 16:25:53,,IDPS,    0,16,83,    60,31,    ,
2025-12-05 16:25:54,,IDPS,    0,10,90,    60,31,    ,
2025-12-05 16:25:56,,IDPS,    0,9,90,    60,31,    ,
2025-12-05 16:25:58,,IDPS,    0,9,90,    60,31,    ,
2025-12-05 16:26:00,,IDPS,    0,16,83,    60,31,    ,
2025-12-05 16:26:01,,IDPS,    0,10,90,    60,30,    ,
2025-12-05 16:26:04,,IDPS,    0,18,81,    60,31,    ,
2025-12-05 16:26:06,,IDPS,    16,0,83,    60,31,    ,
2025-12-05 16:26:07,,IDPS,    0,18,81,    60,31,    ,
2025-12-05 16:26:09,,IDPS,    0,18,81,    60,31,    ,
2025-12-05 16:26:11,,IDPS,    0,18,81,    60,31,    ,
2025-12-05 16:26:13,,IDPS,    7,23,69,    60,30,    ,
2025-12-05 16:26:15,,IDPS,    0,16,83,    60,31,    ,
2025-12-05 16:26:17,,IDPS,    0,9,90,    60,31,    ,
2025-12-05 16:26:19,,IDPS,    0,18,81,    60,31,    ,
2025-12-05 16:26:20,,IDPS,    0,9,90,    60,31,    ,
2025-12-05 16:26:22,,IDPS,    0,16,83,    60,31,    ,
2025-12-05 16:26:24,,IDPS,    33,66,0,    60,30,    ,
2025-12-05 16:26:26,,IDPS,    0,9,90,    60,31,    ,
2025-12-05 16:26:28,,IDPS,    0,9,90,    60,31,    ,
2025-12-05 16:26:30,,IDPS,    0,18,81,    60,31,    ,
2025-12-05 16:26:31,,IDPS,    0,9,90,    60,31,    ,
2025-12-05 16:26:33,,IDPS,    0,9,90,    60,31,    ,
2025-12-05 16:26:35,,IDPS,    41,58,0,    60,30,    ,
2025-12-05 16:26:37,,IDPS,    0,9,90,    60,31,    ,
2025-12-05 16:26:39,,IDPS,    9,0,90,    60,31,    ,
2025-12-05 16:26:41,,IDPS,    0,9,90,    60,31,    ,
2025-12-05 16:26:43,,IDPS,    9,18,72,    60,31,    ,
2025-12-05 16:26:45,,IDPS,    0,16,83,    60,31,    ,
2025-12-05 16:26:46,,IDPS,    25,75,0,    60,30,    ,
2025-12-05 16:26:49,,IDPS,    0,9,90,    60,31,    ,
2025-12-05 16:26:50,,IDPS,    0,9,90,    60,31,    ,
2025-12-05 16:26:52,,IDPS,    0,9,90,    60,31,    ,
2025-12-05 16:26:54,,IDPS,    0,9,90,    60,31,    ,
2025-12-05 16:26:56,,IDPS,    15,23,61,    60,30,    ,
2025-12-05 16:26:57,,IDPS,    9,90,0,    60,30,    ,
2025-12-05 16:27:00,,IDPS,    0,9,90,    60,31,    ,
2025-12-05 16:27:02,,IDPS,    9,9,81,    60,31,    ,
2025-12-05 16:27:03,,IDPS,    0,10,90,    60,30,    ,
2025-12-05 16:27:05,,IDPS,    0,9,90,    60,30,    ,
2025-12-05 16:27:07,,IDPS,    0,18,81,    60,31,    ,
2025-12-05 16:27:09,,IDPS,    27,0,72,    60,30,    ,
2025-12-05 16:27:11,,IDPS,    7,23,69,    60,30,    ,
2025-12-05 16:27:13,,IDPS,    0,10,90,    60,30,    ,
2025-12-05 16:27:14,,IDPS,    10,0,90,    60,30,    ,
2025-12-05 16:27:16,,IDPS,    0,9,90,    60,30,    ,
2025-12-05 16:27:18,,IDPS,    0,9,90,    60,30,    ,
2025-12-05 16:27:20,,IDPS,    0,0,100,    60,30,    ,
2025-12-05 16:27:22,,IDPS,    0,10,90,    60,30,    ,
2025-12-05 16:27:23,,IDPS,    10,0,90,    60,30,    ,
2025-12-05 16:27:25,,IDPS,    0,9,90,    60,30,    ,
2025-12-05 16:27:27,,IDPS,    0,10,90,    60,30,    ,
2025-12-05 16:27:29,,IDPS,    9,0,90,    60,30,    ,
2025-12-05 16:27:31,,IDPS,    11,0,88,    60,30,    ,
2025-12-05 16:27:33,,IDPS,    0,9,90,    60,30,    ,
2025-12-05 16:27:34,,IDPS,    0,9,90,    60,30,    ,
2025-12-05 16:27:36,,IDPS,    33,66,0,    60,30,    ,
2025-12-05 16:27:38,,IDPS,    9,0,90,    60,30,    ,
2025-12-05 16:27:40,,IDPS,    0,9,90,    60,30,    ,
2025-12-05 16:27:42,,IDPS,    0,9,90,    60,30,    ,
2025-12-05 16:27:44,,IDPS,    0,18,81,    60,30,    ,
2025-12-05 16:27:46,,IDPS,    0,10,90,    60,30,    ,
2025-12-05 16:27:48,,IDPS,    0,10,90,    60,30,    ,
2025-12-05 16:27:49,,IDPS,    0,0,100,    60,30,    ,
2025-12-05 16:27:51,,IDPS,    0,16,83,    60,30,    ,
2025-12-05 16:27:53,,IDPS,    0,23,76,    60,30,    ,
2025-12-05 16:27:55,,IDPS,    9,0,90,    60,30,    ,
2025-12-05 16:27:57,,IDPS,    0,9,90,    60,30,    ,
2025-12-05 16:27:59,,IDPS,    0,10,90,    60,30,    ,
2025-12-05 16:28:01,,IDPS,    0,16,83,    60,30,    ,
2025-12-05 16:28:02,,IDPS,    7,46,46,    60,30,    ,
2025-12-05 16:28:04,,IDPS,    9,0,90,    60,30,    ,
2025-12-05 16:28:06,,IDPS,    9,36,54,    60,30,    ,
2025-12-05 16:28:08,,IDPS,    0,9,90,    60,30,    ,
2025-12-05 16:28:10,,IDPS,    0,18,81,    60,30,    ,
2025-12-05 16:28:12,,IDPS,    0,9,90,    60,30,    ,
2025-12-05 16:28:13,,IDPS,    18,72,9,    60,30,    ,
2025-12-05 16:28:16,,IDPS,    0,9,90,    60,30,    ,
2025-12-05 16:28:18,,IDPS,    18,0,72,    60,30,    ,
2025-12-05 16:28:19,,IDPS,    0,23,76,    60,30,    ,
2025-12-05 16:28:21,,IDPS,    0,16,83,    60,30,    ,
2025-12-05 16:28:23,,IDPS,    8,8,83,    60,30,    ,
2025-12-05 16:28:25,,IDPS,    25,75,0,    60,30,    ,
2025-12-05 16:28:27,,IDPS,    0,27,72,    60,30,    ,
2025-12-05 16:28:29,,IDPS,    0,18,72,    60,30,    ,
2025-12-05 16:28:30,,IDPS,    0,9,90,    60,30,    ,
2025-12-05 16:28:32,,IDPS,    0,10,90,    60,30,    ,
2025-12-05 16:28:34,,IDPS,    0,9,90,    60,30,    ,
2025-12-05 16:28:36,,IDPS,    0,0,100,    60,30,    ,
2025-12-05 16:28:38,,IDPS,    0,18,81,    60,30,    ,
2025-12-05 16:28:39,,IDPS,    25,16,58,    60,30,    ,
2025-12-05 16:28:41,,IDPS,    8,8,83,    60,30,    ,
2025-12-05 16:28:43,,IDPS,    0,16,83,    60,30,    ,
2025-12-05 16:28:45,,IDPS,    0,9,90,    60,30,    ,
2025-12-05 16:28:47,,IDPS,    0,16,83,    60,30,    ,
2025-12-05 16:28:48,,IDPS,    0,9,90,    60,30,    ,
2025-12-05 16:28:50,,IDPS,    8,8,83,    60,30,    ,
2025-12-05 16:28:52,,IDPS,    0,9,90,    60,30,    ,
2025-12-05 16:28:54,,IDPS,    0,10,90,    60,30,    ,
2025-12-05 16:28:56,,IDPS,    0,10,90,    60,30,    ,
2025-12-05 16:28:57,,IDPS,    9,0,90,    60,30,    ,
2025-12-05 16:28:59,,IDPS,    0,9,90,    60,30,    ,
2025-12-05 16:29:01,,IDPS,    9,0,90,    60,30,    ,
2025-12-05 16:29:03,,IDPS,    7,7,69,    60,30,    ,
2025-12-05 16:29:05,,IDPS,    8,33,58,    60,30,    ,
2025-12-05 16:29:06,,IDPS,    0,9,90,    60,30,    ,
2025-12-05 16:29:08,,IDPS,    0,9,90,    60,30,    ,
2025-12-05 16:29:10,,IDPS,    9,0,90,    60,30,    ,
2025-12-05 16:29:12,,IDPS,    0,9,90,    60,30,    ,
2025-12-05 16:29:14,,IDPS,    0,9,90,    60,30,    ,
2025-12-05 16:29:16,,IDPS,    0,9,90,    60,30,    ,
2025-12-05 16:29:17,,IDPS,    0,9,90,    60,30,    ,
2025-12-05 16:29:20,,IDPS,    0,10,90,    60,30,    ,
2025-12-05 16:29:22,,IDPS,    0,9,90,    60,30,    ,
2025-12-05 16:29:23,,IDPS,    0,9,90,    60,30,    ,
2025-12-05 16:29:25,,IDPS,    0,9,90,    60,30,    ,
2025-12-05 16:29:27,,IDPS,    0,9,90,    60,30,    ,
2025-12-05 16:29:29,,IDPS,    33,33,33,    60,30,    ,
2025-12-05 16:29:31,,IDPS,    0,10,90,    60,30,    ,
2025-12-05 16:29:33,,IDPS,    0,9,90,    60,30,    ,
2025-12-05 16:29:34,,IDPS,    0,10,90,    60,30,    ,
2025-12-05 16:29:36,,IDPS,    0,16,83,    60,30,    ,
2025-12-05 16:29:38,,IDPS,    0,9,90,    60,30,    ,
2025-12-05 16:29:40,,IDPS,    9,0,90,    60,30,    ,
2025-12-05 16:29:42,,IDPS,    0,9,90,    60,30,    ,
2025-12-05 16:29:44,,IDPS,    0,9,90,    60,30,    ,
2025-12-05 16:29:46,,IDPS,    0,18,81,    60,30,    ,
2025-12-05 16:29:48,,IDPS,    0,9,90,    60,30,    ,
2025-12-05 16:29:49,,IDPS,    0,9,90,    60,30,    ,
2025-12-05 16:29:51,,IDPS,    0,30,69,    60,30,    ,
2025-12-05 16:29:53,,IDPS,    0,9,90,    60,30,    ,
2025-12-05 16:29:55,,IDPS,    0,9,90,    60,30,    ,
2025-12-05 16:29:57,,IDPS,    0,16,83,    60,30,    ,
2025-12-05 16:29:59,,IDPS,    0,9,90,    60,30,    ,
2025-12-05 16:30:00,,IDPS,    0,10,90,    60,30,    ,
2025-12-05 16:30:02,,IDPS,    16,50,33,    60,29,    ,
2025-12-05 16:30:04,,IDPS,    0,9,90,    60,30,    ,
2025-12-05 16:30:06,,IDPS,    0,9,90,    60,30,    ,
2025-12-05 16:30:08,,IDPS,    0,33,66,    60,30,    ,
2025-12-05 16:30:10,,IDPS,    9,0,90,    60,30,    ,
2025-12-05 16:30:12,,IDPS,    0,9,90,    60,30,    ,
2025-12-05 16:30:13,,IDPS,    33,66,0,    60,29,    ,
2025-12-05 16:30:16,,IDPS,    0,10,90,    60,30,    ,
2025-12-05 16:30:18,,IDPS,    18,0,81,    60,30,    ,
2025-12-05 16:30:19,,IDPS,    0,9,90,    60,30,    ,
2025-12-05 16:30:21,,IDPS,    0,10,90,    60,30,    ,
2025-12-05 16:30:23,,IDPS,    10,0,90,    60,30,    ,
2025-12-05 16:30:25,,IDPS,    16,66,16,    60,30,    ,
2025-12-05 16:30:27,,IDPS,    9,27,63,    60,30,    ,
2025-12-05 16:30:28,,IDPS,    0,10,90,    60,30,    ,
2025-12-05 16:30:30,,IDPS,    0,10,80,    60,30,    ,
2025-12-05 16:30:32,,IDPS,    0,9,90,    60,30,    ,
2025-12-05 16:30:34,,IDPS,    0,9,90,    60,30,    ,
2025-12-05 16:30:36,,IDPS,    20,20,60,    60,30,    ,
2025-12-05 16:30:37,,IDPS,    0,9,90,    60,30,    ,
2025-12-05 16:30:39,,IDPS,    0,9,90,    60,30,    ,
2025-12-05 16:30:41,,IDPS,    0,16,83,    60,30,    ,
2025-12-05 16:30:43,,IDPS,    0,9,90,    60,30,    ,
2025-12-05 16:30:45,,IDPS,    0,9,90,    60,30,    ,
2025-12-05 16:30:46,,IDPS,    0,10,90,    60,30,    ,
2025-12-05 16:30:48,,IDPS,    0,9,90,    60,30,    ,
2025-12-05 16:30:50,,IDPS,    9,0,90,    60,30,    ,
2025-12-05 16:30:52,,IDPS,    0,16,83,    60,30,    ,
2025-12-05 16:30:54,,IDPS,    0,9,90,    60,30,    ,
2025-12-05 16:30:56,,IDPS,    18,0,81,    60,30,    ,
2025-12-05 16:30:58,,IDPS,    0,18,81,    60,30,    ,
2025-12-05 16:30:59,,IDPS,    0,9,90,    60,30,    ,
2025-12-05 16:31:01,,IDPS,    0,9,90,    60,30,    ,
2025-12-05 16:31:03,,IDPS,    0,23,76,    60,30,    ,
2025-12-05 16:31:05,,IDPS,    0,9,90,    60,30,    ,
2025-12-05 16:31:07,,IDPS,    9,9,81,    60,29,    ,
2025-12-05 16:31:09,,IDPS,    0,45,54,    60,30,    ,
2025-12-05 16:31:11,,IDPS,    10,0,90,    60,30,    ,
2025-12-05 16:31:12,,IDPS,    9,0,90,    60,30,    ,
2025-12-05 16:31:14,,IDPS,    0,40,60,    60,30,    ,
2025-12-05 16:31:16,,IDPS,    9,36,54,    60,30,    ,
2025-12-05 16:31:18,,IDPS,    45,54,0,    60,29,    ,
2025-12-05 16:31:20,,IDPS,    0,9,90,    60,30,    ,
2025-12-05 16:31:22,,IDPS,    0,9,90,    60,30,    ,
2025-12-05 16:31:24,,IDPS,    0,9,90,    60,30,    ,
2025-12-05 16:31:25,,IDPS,    0,9,90,    60,30,    ,
2025-12-05 16:31:27,,IDPS,    9,0,90,    60,30,    ,
2025-12-05 16:31:29,,IDPS,    36,63,0,    60,29,    ,
2025-12-05 16:31:31,,IDPS,    0,16,83,    60,30,    ,
2025-12-05 16:31:33,,IDPS,    0,9,90,    60,30,    ,
2025-12-05 16:31:35,,IDPS,    8,16,75,    60,30,    ,
2025-12-05 16:31:36,,IDPS,    27,18,54,    60,30,    ,
2025-12-05 16:31:38,,IDPS,    0,9,90,    60,30,    ,
2025-12-05 16:31:40,,IDPS,    20,20,60,    60,30,    ,
2025-12-05 16:31:42,,IDPS,    0,25,75,    60,30,    ,
2025-12-05 16:31:44,,IDPS,    0,9,90,    60,30,    ,
2025-12-05 16:31:45,,IDPS,    0,9,90,    60,30,    ,
2025-12-05 16:31:47,,IDPS,    0,9,90,    60,30,    ,
2025-12-05 16:31:49,,IDPS,    0,10,90,    60,30,    ,
2025-12-05 16:31:51,,IDPS,    0,9,90,    60,30,    ,
2025-12-05 16:31:53,,IDPS,    8,8,83,    60,30,    ,
2025-12-05 16:31:55,,IDPS,    18,18,63,    60,30,    ,
2025-12-05 16:31:57,,IDPS,    9,36,54,    60,30,    ,
2025-12-05 16:31:58,,IDPS,    0,9,90,    60,30,    ,
2025-12-05 16:32:00,,IDPS,    0,9,90,    60,30,    ,
2025-12-05 16:32:02,,IDPS,    0,16,83,    60,30,    ,
2025-12-05 16:32:04,,IDPS,    0,10,90,    60,30,    ,
2025-12-05 16:32:05,,IDPS,    0,9,90,    60,30,    ,
2025-12-05 16:32:07,,IDPS,    0,9,90,    60,30,    ,
2025-12-05 16:32:09,,IDPS,    0,36,63,    60,30,    ,
2025-12-05 16:32:11,,IDPS,    23,7,69,    60,29,    ,
2025-12-05 16:32:13,,IDPS,    0,9,90,    60,30,    ,
2025-12-05 16:32:15,,IDPS,    0,10,80,    60,30,    ,
2025-12-05 16:32:17,,IDPS,    0,16,83,    60,29,    ,
2025-12-05 16:32:19,,IDPS,    0,9,90,    60,29,    ,
2025-12-05 16:32:20,,IDPS,    0,9,90,    60,29,    ,
2025-12-05 16:32:22,,IDPS,    0,9,90,    60,29,    ,
2025-12-05 16:32:25,,IDPS,    0,9,90,    60,30,    ,
2025-12-05 16:32:26,,IDPS,    0,9,90,    60,29,    ,
2025-12-05 16:32:28,,IDPS,    0,9,90,    60,29,    ,
2025-12-05 16:32:30,,IDPS,    61,38,0,    69,20,    ,
2025-12-05 16:32:32,,IDPS,    85,14,0,    76,16,    ,
2025-12-05 16:32:34,,IDPS,    42,57,0,    60,28,    ,
2025-12-05 16:32:36,,IDPS,    0,16,83,    60,28,    ,
2025-12-05 16:32:38,,IDPS,    46,53,0,    60,28,    ,
2025-12-05 16:32:41,,IDPS,    58,41,0,    60,27,    ,
2025-12-05 16:32:43,,IDPS,    0,23,76,    60,28,    ,
2025-12-05 16:32:45,,IDPS,    41,58,0,    60,27,    ,
2025-12-05 16:32:47,,IDPS,    0,9,90,    60,28,    ,
2025-12-05 16:32:49,,IDPS,    0,9,90,    60,28,    ,
2025-12-05 16:32:50,,IDPS,    0,10,90,    60,28,    ,
2025-12-05 16:32:52,,IDPS,    9,18,72,    60,28,    ,
2025-12-05 16:32:54,,IDPS,    0,9,90,    60,28,    ,
2025-12-05 16:32:56,,IDPS,    25,75,0,    60,27,    ,
2025-12-05 16:32:58,,IDPS,    0,16,83,    60,28,    ,
2025-12-05 16:33:00,,IDPS,    0,16,83,    60,28,    ,
2025-12-05 16:33:02,,IDPS,    0,9,90,    60,28,    ,
2025-12-05 16:33:04,,IDPS,    10,0,90,    60,28,    ,
2025-12-05 16:33:05,,IDPS,    8,25,66,    60,28,    ,
2025-12-05 16:33:07,,IDPS,    41,58,0,    60,27,    ,
2025-12-05 16:33:09,,IDPS,    0,9,90,    60,28,    ,
2025-12-05 16:33:11,,IDPS,    9,27,63,    60,28,    ,
2025-12-05 16:33:13,,IDPS,    0,9,90,    60,28,    ,
2025-12-05 16:33:15,,IDPS,    0,9,90,    60,28,    ,
2025-12-05 16:33:16,,IDPS,    0,9,90,    60,28,    ,
2025-12-05 16:33:18,,IDPS,    58,41,0,    60,28,    ,
2025-12-05 16:33:20,,IDPS,    0,9,90,    60,28,    ,
2025-12-05 16:33:22,,IDPS,    0,9,90,    60,28,    ,
2025-12-05 16:33:24,,IDPS,    0,9,90,    60,28,    ,
2025-12-05 16:33:26,,IDPS,    0,9,90,    60,28,    ,
2025-12-05 16:33:27,,IDPS,    0,16,83,    60,28,    ,
2025-12-05 16:33:29,,IDPS,    0,9,90,    60,28,    ,
2025-12-05 16:33:31,,IDPS,    0,9,90,    60,28,    ,
2025-12-05 16:33:33,,IDPS,    9,9,81,    60,28,    ,
2025-12-05 16:33:35,,IDPS,    0,10,90,    60,28,    ,
2025-12-05 16:33:37,,IDPS,    9,9,81,    60,28,    ,
2025-12-05 16:33:38,,IDPS,    0,9,90,    60,28,    ,
2025-12-05 16:33:40,,IDPS,    0,9,90,    60,28,    ,
2025-12-05 16:33:42,,IDPS,    0,10,90,    60,28,    ,
2025-12-05 16:33:44,,IDPS,    0,16,83,    60,28,    ,
2025-12-05 16:33:46,,IDPS,    0,23,76,    60,28,    ,
2025-12-05 16:33:48,,IDPS,    0,9,90,    60,28,    ,
2025-12-05 16:33:50,,IDPS,    0,10,90,    60,27,    ,
2025-12-05 16:33:52,,IDPS,    0,18,72,    60,28,    ,
2025-12-05 16:33:53,,IDPS,    8,8,83,    60,28,    ,
2025-12-05 16:33:55,,IDPS,    0,9,90,    60,28,    ,
2025-12-05 16:33:57,,IDPS,    0,9,90,    60,28,    ,
2025-12-05 16:33:59,,IDPS,    0,10,90,    60,28,    ,
